cluster,ts,model,bucket,model_p,market_p,realized,event,consistency_residual
ankara/2026-05-16,2026-05-16T11:50:00+00:00,recorded_legacy,exact:18,0.0,0.008000000000000004,0,ankara/2026-05-16/2026-05-16T11:50:00+00:00,0.37416994341592347
ankara/2026-05-16,2026-05-16T11:50:00+00:00,recorded_legacy,exact:19,0.6209,0.255,0,ankara/2026-05-16/2026-05-16T11:50:00+00:00,0.37416994341592347
ankara/2026-05-16,2026-05-16T11:50:00+00:00,recorded_legacy,exact:20,0.3529,0.6100000000000001,1,ankara/2026-05-16/2026-05-16T11:50:00+00:00,0.37416994341592347
ankara/2026-05-16,2026-05-16T11:50:00+00:00,recorded_legacy,exact:21,0.0259,0.21,0,ankara/2026-05-16/2026-05-16T11:50:00+00:00,0.37416994341592347
ankara/2026-05-16,2026-05-16T11:50:00+00:00,recorded_legacy,exact:22,0.0003,0.013000000000000005,0,ankara/2026-05-16/2026-05-16T11:50:00+00:00,0.37416994341592347
ankara/2026-05-16,2026-05-16T11:50:00+00:00,recorded_legacy,exact:23,0.0,0.0020000000000000005,0,ankara/2026-05-16/2026-05-16T11:50:00+00:00,0.37416994341592347
ankara/2026-05-16,2026-05-16T11:50:00+00:00,recorded_legacy,higher:24,0,0.0015000000000000005,0,ankara/2026-05-16/2026-05-16T11:50:00+00:00,0.37416994341592347
ankara/2026-05-16,2026-05-16T12:20:00+00:00,recorded_legacy,exact:19,0.0,0.08499999999999999,0,ankara/2026-05-16/2026-05-16T12:20:00+00:00,0.7403183798001918
ankara/2026-05-16,2026-05-16T12:20:00+00:00,recorded_legacy,exact:20,0.9889,0.6399999999999999,1,ankara/2026-05-16/2026-05-16T12:20:00+00:00,0.7403183798001918
ankara/2026-05-16,2026-05-16T12:20:00+00:00,recorded_legacy,exact:21,0.0111,0.2,0,ankara/2026-05-16/2026-05-16T12:20:00+00:00,0.7403183798001918
ankara/2026-05-16,2026-05-16T12:20:00+00:00,recorded_legacy,exact:22,0.0,0.015500000000000005,0,ankara/2026-05-16/2026-05-16T12:20:00+00:00,0.7403183798001918
ankara/2026-05-16,2026-05-16T12:20:00+00:00,recorded_legacy,exact:23,0.0,0.0015000000000000005,0,ankara/2026-05-16/2026-05-16T12:20:00+00:00,0.7403183798001918
ankara/2026-05-16,2026-05-16T12:20:00+00:00,recorded_legacy,higher:24,0,0.0015000000000000005,0,ankara/2026-05-16/2026-05-16T12:20:00+00:00,0.7403183798001918
ankara/2026-05-16,2026-05-16T12:50:00+00:00,recorded_legacy,exact:20,0.8344,0.745,1,ankara/2026-05-16/2026-05-16T12:50:00+00:00,0.4018860588107274
ankara/2026-05-16,2026-05-16T12:50:00+00:00,recorded_legacy,exact:21,0.1642,0.21500000000000002,0,ankara/2026-05-16/2026-05-16T12:50:00+00:00,0.4018860588107274
ankara/2026-05-16,2026-05-16T12:50:00+00:00,recorded_legacy,exact:22,0.0014,0.015500000000000005,0,ankara/2026-05-16/2026-05-16T12:50:00+00:00,0.4018860588107274
ankara/2026-05-16,2026-05-16T12:50:00+00:00,recorded_legacy,exact:23,0.0,0.0035000000000000005,0,ankara/2026-05-16/2026-05-16T12:50:00+00:00,0.4018860588107274
ankara/2026-05-16,2026-05-16T12:50:00+00:00,recorded_legacy,higher:24,0,0.0015000000000000005,0,ankara/2026-05-16/2026-05-16T12:50:00+00:00,0.4018860588107274
ankara/2026-05-16,2026-05-16T13:20:00+00:00,recorded_legacy,exact:21,0.0015,0.14500000000000002,0,ankara/2026-05-16/2026-05-16T13:20:00+00:00,0.24950582297195578
ankara/2026-05-16,2026-05-16T13:20:00+00:00,recorded_legacy,exact:22,0.0,0.014000000000000004,0,ankara/2026-05-16/2026-05-16T13:20:00+00:00,0.24950582297195578
ankara/2026-05-16,2026-05-16T13:20:00+00:00,recorded_legacy,exact:23,0.0,0.0035000000000000005,0,ankara/2026-05-16/2026-05-16T13:20:00+00:00,0.24950582297195578
ankara/2026-05-16,2026-05-16T13:20:00+00:00,recorded_legacy,higher:24,0,0.0015000000000000005,0,ankara/2026-05-16/2026-05-16T13:20:00+00:00,0.24950582297195578
ankara/2026-05-16,2026-05-16T13:50:00+00:00,recorded_legacy,exact:21,0.0013,0.43,0,ankara/2026-05-16/2026-05-16T13:50:00+00:00,0.1812407072351091
ankara/2026-05-16,2026-05-16T13:50:00+00:00,recorded_legacy,exact:22,0.0,0.007500000000000002,0,ankara/2026-05-16/2026-05-16T13:50:00+00:00,0.1812407072351091
ankara/2026-05-16,2026-05-16T13:50:00+00:00,recorded_legacy,exact:23,0.0,0.0035000000000000005,0,ankara/2026-05-16/2026-05-16T13:50:00+00:00,0.1812407072351091
ankara/2026-05-16,2026-05-16T14:20:00+00:00,recorded_legacy,exact:20,1.0,0.8300000000000001,1,ankara/2026-05-16/2026-05-16T14:20:00+00:00,0.13333360070315925
ankara/2026-05-16,2026-05-16T14:20:00+00:00,recorded_legacy,exact:21,0.0,0.175,0,ankara/2026-05-16/2026-05-16T14:20:00+00:00,0.13333360070315925
ankara/2026-05-16,2026-05-16T14:20:00+00:00,recorded_legacy,exact:22,0.0,0.004000000000000001,0,ankara/2026-05-16/2026-05-16T14:20:00+00:00,0.13333360070315925
ankara/2026-05-16,2026-05-16T14:20:00+00:00,recorded_legacy,exact:23,0.0,0.0015000000000000005,0,ankara/2026-05-16/2026-05-16T14:20:00+00:00,0.13333360070315925
ankara/2026-05-16,2026-05-16T14:50:00+00:00,recorded_legacy,exact:20,1.0,0.945,1,ankara/2026-05-16/2026-05-16T14:50:00+00:00,0.13326025275371
ankara/2026-05-16,2026-05-16T14:50:00+00:00,recorded_legacy,exact:21,0.0,0.05000000000000002,0,ankara/2026-05-16/2026-05-16T14:50:00+00:00,0.13326025275371
ankara/2026-05-16,2026-05-16T14:50:00+00:00,recorded_legacy,exact:22,0.0,0.004000000000000001,0,ankara/2026-05-16/2026-05-16T14:50:00+00:00,0.13326025275371
ankara/2026-05-16,2026-05-16T14:50:00+00:00,recorded_legacy,exact:23,0.0,0.0015000000000000005,0,ankara/2026-05-16/2026-05-16T14:50:00+00:00,0.13326025275371
ankara/2026-05-16,2026-05-16T15:20:00+00:00,recorded_legacy,exact:20,1.0,0.895,1,ankara/2026-05-16/2026-05-16T15:20:00+00:00,0.13326025275371
ankara/2026-05-16,2026-05-16T15:20:00+00:00,recorded_legacy,exact:21,0.0,0.05000000000000002,0,ankara/2026-05-16/2026-05-16T15:20:00+00:00,0.13326025275371
ankara/2026-05-16,2026-05-16T15:20:00+00:00,recorded_legacy,exact:22,0.0,0.004000000000000001,0,ankara/2026-05-16/2026-05-16T15:20:00+00:00,0.13326025275371
ankara/2026-05-16,2026-05-16T15:50:00+00:00,recorded_legacy,exact:20,1.0,0.9595,1,ankara/2026-05-16/2026-05-16T15:50:00+00:00,0.0031902882881751724
ankara/2026-05-16,2026-05-16T15:50:00+00:00,recorded_legacy,exact:21,0.0,0.034000000000000016,0,ankara/2026-05-16/2026-05-16T15:50:00+00:00,0.0031902882881751724
ankara/2026-05-16,2026-05-16T15:50:00+00:00,recorded_legacy,exact:22,0.0,0.0015000000000000005,0,ankara/2026-05-16/2026-05-16T15:50:00+00:00,0.0031902882881751724
ankara/2026-05-16,2026-05-16T16:20:00+00:00,recorded_legacy,exact:20,1.0,0.9984999999999999,1,ankara/2026-05-16/2026-05-16T16:20:00+00:00,0.0031902882881751724
ankara/2026-05-16,2026-05-16T16:20:00+00:00,recorded_legacy,exact:21,0.0,0.0015000000000000005,0,ankara/2026-05-16/2026-05-16T16:20:00+00:00,0.0031902882881751724
ankara/2026-05-16,2026-05-16T16:20:00+00:00,recorded_legacy,exact:22,0.0,0.004,0,ankara/2026-05-16/2026-05-16T16:20:00+00:00,0.0031902882881751724
ankara/2026-05-16,2026-05-16T16:50:00+00:00,recorded_legacy,exact:20,1.0,0.9984999999999999,1,ankara/2026-05-16/2026-05-16T16:50:00+00:00,0.0
ankara/2026-05-24,2026-05-24T11:50:00+00:00,recorded_legacy,exact:20,0.0,0.07050000000000001,0,ankara/2026-05-24/2026-05-24T11:50:00+00:00,0.5113729951415532
ankara/2026-05-24,2026-05-24T11:50:00+00:00,recorded_legacy,exact:21,0.0,0.006500000000000002,0,ankara/2026-05-24/2026-05-24T11:50:00+00:00,0.5113729951415532
ankara/2026-05-24,2026-05-24T11:50:00+00:00,recorded_legacy,exact:22,0.0,0.0020000000000000005,0,ankara/2026-05-24/2026-05-24T11:50:00+00:00,0.5113729951415532
ankara/2026-05-24,2026-05-24T11:50:00+00:00,recorded_legacy,higher:23,0,0.0020000000000000005,0,ankara/2026-05-24/2026-05-24T11:50:00+00:00,0.5113729951415532
ankara/2026-06-10,2026-06-10T12:20:00+00:00,recorded_legacy,below:22,0.9049,0.54,1,ankara/2026-06-10/2026-06-10T12:20:00+00:00,0.6800944686565874
ankara/2026-06-10,2026-06-10T12:20:00+00:00,recorded_legacy,exact:23,0.0945,0.345,0,ankara/2026-06-10/2026-06-10T12:20:00+00:00,0.6800944686565874
ankara/2026-06-10,2026-06-10T12:20:00+00:00,recorded_legacy,exact:24,0.0006,0.04500000000000001,0,ankara/2026-06-10/2026-06-10T12:20:00+00:00,0.6800944686565874
ankara/2026-06-10,2026-06-10T12:20:00+00:00,recorded_legacy,exact:25,0.0,0.017,0,ankara/2026-06-10/2026-06-10T12:20:00+00:00,0.6800944686565874
ankara/2026-06-10,2026-06-10T12:20:00+00:00,recorded_legacy,exact:27,0.0,0.0030000000000000005,0,ankara/2026-06-10/2026-06-10T12:20:00+00:00,0.6800944686565874
ankara/2026-06-10,2026-06-10T12:50:00+00:00,recorded_legacy,below:22,0.9971,0.8899999999999999,1,ankara/2026-06-10/2026-06-10T12:50:00+00:00,0.13605547703538745
ankara/2026-06-10,2026-06-10T12:50:00+00:00,recorded_legacy,exact:23,0.0029,0.08500000000000002,0,ankara/2026-06-10/2026-06-10T12:50:00+00:00,0.13605547703538745
ankara/2026-06-10,2026-06-10T12:50:00+00:00,recorded_legacy,exact:24,0.0,0.0095,0,ankara/2026-06-10/2026-06-10T12:50:00+00:00,0.13605547703538745
ankara/2026-06-10,2026-06-10T12:50:00+00:00,recorded_legacy,exact:25,0.0,0.0105,0,ankara/2026-06-10/2026-06-10T12:50:00+00:00,0.13605547703538745
ankara/2026-06-10,2026-06-10T12:50:00+00:00,recorded_legacy,exact:27,0.0,0.0020000000000000005,0,ankara/2026-06-10/2026-06-10T12:50:00+00:00,0.13605547703538745
ankara/2026-06-10,2026-06-10T13:20:00+00:00,recorded_legacy,below:22,1.0,0.925,1,ankara/2026-06-10/2026-06-10T13:20:00+00:00,0.0016344386304641538
ankara/2026-06-10,2026-06-10T13:20:00+00:00,recorded_legacy,exact:23,0.0,0.065,0,ankara/2026-06-10/2026-06-10T13:20:00+00:00,0.0016344386304641538
ankara/2026-06-10,2026-06-10T13:20:00+00:00,recorded_legacy,exact:24,0.0,0.009000000000000001,0,ankara/2026-06-10/2026-06-10T13:20:00+00:00,0.0016344386304641538
ankara/2026-06-10,2026-06-10T13:20:00+00:00,recorded_legacy,exact:25,0.0,0.0030000000000000005,0,ankara/2026-06-10/2026-06-10T13:20:00+00:00,0.0016344386304641538
ankara/2026-06-10,2026-06-10T13:20:00+00:00,recorded_legacy,exact:26,0.0,0.0015000000000000005,0,ankara/2026-06-10/2026-06-10T13:20:00+00:00,0.0016344386304641538
ankara/2026-06-10,2026-06-10T13:20:00+00:00,recorded_legacy,exact:27,0.0,0.0015000000000000005,0,ankara/2026-06-10/2026-06-10T13:20:00+00:00,0.0016344386304641538
ankara/2026-06-10,2026-06-10T13:50:00+00:00,recorded_legacy,below:22,1.0,0.985,1,ankara/2026-06-10/2026-06-10T13:50:00+00:00,0.0033936686511736314
ankara/2026-06-10,2026-06-10T13:50:00+00:00,recorded_legacy,exact:23,0.0,0.009000000000000001,0,ankara/2026-06-10/2026-06-10T13:50:00+00:00,0.0033936686511736314
ankara/2026-06-10,2026-06-10T14:20:00+00:00,recorded_legacy,below:22,1.0,0.993,1,ankara/2026-06-10/2026-06-10T14:20:00+00:00,0.00042904650856112614
ankara/2026-06-10,2026-06-10T14:20:00+00:00,recorded_legacy,exact:23,0.0,0.0045000000000000005,0,ankara/2026-06-10/2026-06-10T14:20:00+00:00,0.00042904650856112614
ankara/2026-06-10,2026-06-10T14:50:00+00:00,recorded_legacy,below:22,1.0,0.988,1,ankara/2026-06-10/2026-06-10T14:50:00+00:00,0.18164932534607814
ankara/2026-06-10,2026-06-10T14:50:00+00:00,recorded_legacy,exact:23,0.0,0.011500000000000002,0,ankara/2026-06-10/2026-06-10T14:50:00+00:00,0.18164932534607814
ankara/2026-06-11,2026-06-11T10:20:00+00:00,recorded_legacy,exact:25,0.0,0.016500000000000008,0,ankara/2026-06-11/2026-06-11T10:20:00+00:00,0.4109430174672261
ankara/2026-06-11,2026-06-11T10:20:00+00:00,recorded_legacy,exact:26,0.7177,0.33999999999999997,0,ankara/2026-06-11/2026-06-11T10:20:00+00:00,0.4109430174672261
ankara/2026-06-11,2026-06-11T10:20:00+00:00,recorded_legacy,exact:27,0.2719,0.525,1,ankara/2026-06-11/2026-06-11T10:20:00+00:00,0.4109430174672261
ankara/2026-06-11,2026-06-11T10:20:00+00:00,recorded_legacy,exact:28,0.0102,0.0895,0,ankara/2026-06-11/2026-06-11T10:20:00+00:00,0.4109430174672261
ankara/2026-06-11,2026-06-11T10:20:00+00:00,recorded_legacy,exact:29,0.0002,0.010000000000000002,0,ankara/2026-06-11/2026-06-11T10:20:00+00:00,0.4109430174672261
ankara/2026-06-11,2026-06-11T10:20:00+00:00,recorded_legacy,exact:30,0.0,0.0025000000000000005,0,ankara/2026-06-11/2026-06-11T10:20:00+00:00,0.4109430174672261
ankara/2026-06-11,2026-06-11T10:50:00+00:00,recorded_legacy,exact:25,0.0,0.0015000000000000005,0,ankara/2026-06-11/2026-06-11T10:50:00+00:00,0.11687910973544585
ankara/2026-06-11,2026-06-11T10:50:00+00:00,recorded_legacy,exact:26,0.3892,0.15500000000000003,0,ankara/2026-06-11/2026-06-11T10:50:00+00:00,0.11687910973544585
ankara/2026-06-11,2026-06-11T10:50:00+00:00,recorded_legacy,exact:27,0.5653,0.6699999999999999,1,ankara/2026-06-11/2026-06-11T10:50:00+00:00,0.11687910973544585
ankara/2026-06-11,2026-06-11T10:50:00+00:00,recorded_legacy,exact:28,0.0454,0.1315,0,ankara/2026-06-11/2026-06-11T10:50:00+00:00,0.11687910973544585
ankara/2026-06-11,2026-06-11T10:50:00+00:00,recorded_legacy,exact:29,0.0001,0.010500000000000002,0,ankara/2026-06-11/2026-06-11T10:50:00+00:00,0.11687910973544585
ankara/2026-06-11,2026-06-11T10:50:00+00:00,recorded_legacy,exact:30,0.0,0.0015000000000000005,0,ankara/2026-06-11/2026-06-11T10:50:00+00:00,0.11687910973544585
ankara/2026-06-11,2026-06-11T11:20:00+00:00,recorded_legacy,exact:26,0.7120000000000001,0.235,0,ankara/2026-06-11/2026-06-11T11:20:00+00:00,0.08442256922388947
ankara/2026-06-11,2026-06-11T11:20:00+00:00,recorded_legacy,exact:27,0.27740000000000004,0.715,1,ankara/2026-06-11/2026-06-11T11:20:00+00:00,0.08442256922388947
ankara/2026-06-11,2026-06-11T11:20:00+00:00,recorded_legacy,exact:28,0.010500000000000002,0.04450000000000002,0,ankara/2026-06-11/2026-06-11T11:20:00+00:00,0.08442256922388947
ankara/2026-06-11,2026-06-11T11:20:00+00:00,recorded_legacy,exact:29,0.00010000000000000002,0.006500000000000002,0,ankara/2026-06-11/2026-06-11T11:20:00+00:00,0.08442256922388947
ankara/2026-06-11,2026-06-11T11:50:00+00:00,recorded_legacy,exact:27,0.1618,0.535,1,ankara/2026-06-11/2026-06-11T11:50:00+00:00,0.12867515985019218
ankara/2026-06-11,2026-06-11T11:50:00+00:00,recorded_legacy,exact:28,0.002,0.05400000000000002,0,ankara/2026-06-11/2026-06-11T11:50:00+00:00,0.12867515985019218
ankara/2026-06-11,2026-06-11T11:50:00+00:00,recorded_legacy,exact:29,0.0,0.0035000000000000005,0,ankara/2026-06-11/2026-06-11T11:50:00+00:00,0.12867515985019218
ankara/2026-06-11,2026-06-11T12:20:00+00:00,recorded_legacy,exact:27,0.9987,0.89,1,ankara/2026-06-11/2026-06-11T12:20:00+00:00,0.1814317176399015
ankara/2026-06-11,2026-06-11T12:20:00+00:00,recorded_legacy,exact:28,0.0013,0.092,0,ankara/2026-06-11/2026-06-11T12:20:00+00:00,0.1814317176399015
ankara/2026-06-11,2026-06-11T12:20:00+00:00,recorded_legacy,exact:29,0.0,0.005,0,ankara/2026-06-11/2026-06-11T12:20:00+00:00,0.1814317176399015
ankara/2026-06-11,2026-06-11T12:50:00+00:00,recorded_legacy,exact:27,1.0,0.9844999999999999,1,ankara/2026-06-11/2026-06-11T12:50:00+00:00,0.0032616719029983335
ankara/2026-06-11,2026-06-11T12:50:00+00:00,recorded_legacy,exact:28,0.0,0.015000000000000005,0,ankara/2026-06-11/2026-06-11T12:50:00+00:00,0.0032616719029983335
ankara/2026-06-11,2026-06-11T12:50:00+00:00,recorded_legacy,exact:29,0.0,0.006500000000000001,0,ankara/2026-06-11/2026-06-11T12:50:00+00:00,0.0032616719029983335
ankara/2026-06-11,2026-06-11T13:20:00+00:00,recorded_legacy,exact:27,1.0,0.991,1,ankara/2026-06-11/2026-06-11T13:20:00+00:00,0.0032081341918809626
ankara/2026-06-11,2026-06-11T13:20:00+00:00,recorded_legacy,exact:28,0.0,0.0055000000000000005,0,ankara/2026-06-11/2026-06-11T13:20:00+00:00,0.0032081341918809626
ankara/2026-06-11,2026-06-11T13:20:00+00:00,recorded_legacy,exact:29,0.0,0.0025000000000000005,0,ankara/2026-06-11/2026-06-11T13:20:00+00:00,0.0032081341918809626
ankara/2026-06-11,2026-06-11T13:50:00+00:00,recorded_legacy,exact:27,0.0,0.9755,1,ankara/2026-06-11/2026-06-11T13:50:00+00:00,0.18184033575087044
ankara/2026-06-11,2026-06-11T13:50:00+00:00,recorded_legacy,exact:28,0.0,0.018000000000000006,0,ankara/2026-06-11/2026-06-11T13:50:00+00:00,0.18184033575087044
ankara/2026-06-11,2026-06-11T13:50:00+00:00,recorded_legacy,exact:29,0.0,0.0015000000000000005,0,ankara/2026-06-11/2026-06-11T13:50:00+00:00,0.18184033575087044
ankara/2026-06-11,2026-06-11T14:20:00+00:00,recorded_legacy,exact:27,0.0,0.979,1,ankara/2026-06-11/2026-06-11T14:20:00+00:00,0.13326025275371134
ankara/2026-06-11,2026-06-11T14:20:00+00:00,recorded_legacy,exact:28,0.0,0.01950000000000001,0,ankara/2026-06-11/2026-06-11T14:20:00+00:00,0.13326025275371134
ankara/2026-06-11,2026-06-11T14:50:00+00:00,recorded_legacy,exact:27,1.0,0.9915,1,ankara/2026-06-11/2026-06-11T14:50:00+00:00,0.0004290465085609687
ankara/2026-06-11,2026-06-11T14:50:00+00:00,recorded_legacy,exact:28,0.0,0.007500000000000002,0,ankara/2026-06-11/2026-06-11T14:50:00+00:00,0.0004290465085609687
ankara/2026-06-11,2026-06-11T15:20:00+00:00,recorded_legacy,exact:27,0.0,0.993,1,ankara/2026-06-11/2026-06-11T15:20:00+00:00,0.18164932534607814
ankara/2026-06-11,2026-06-11T15:20:00+00:00,recorded_legacy,exact:28,0.0,0.003500000000000001,0,ankara/2026-06-11/2026-06-11T15:20:00+00:00,0.18164932534607814
istanbul/2026-05-16,2026-05-16T11:50:00+00:00,recorded_legacy,exact:24,0.0,0.22999999999999998,0,istanbul/2026-05-16/2026-05-16T11:50:00+00:00,0.579774839976956
istanbul/2026-05-16,2026-05-16T11:50:00+00:00,recorded_legacy,higher:25,1.0,0.775,1,istanbul/2026-05-16/2026-05-16T11:50:00+00:00,0.579774839976956
istanbul/2026-05-24,2026-05-24T10:50:00+00:00,recorded_legacy,exact:19,0.8439,0.625,0,istanbul/2026-05-24/2026-05-24T10:50:00+00:00,0.09244095738699198
istanbul/2026-05-24,2026-05-24T10:50:00+00:00,recorded_legacy,exact:20,0.152,0.255,1,istanbul/2026-05-24/2026-05-24T10:50:00+00:00,0.09244095738699198
istanbul/2026-05-24,2026-05-24T10:50:00+00:00,recorded_legacy,exact:21,0.004,0.08050000000000002,0,istanbul/2026-05-24/2026-05-24T10:50:00+00:00,0.09244095738699198
istanbul/2026-05-24,2026-05-24T10:50:00+00:00,recorded_legacy,exact:22,0.0001,0.024500000000000004,0,istanbul/2026-05-24/2026-05-24T10:50:00+00:00,0.09244095738699198
istanbul/2026-05-24,2026-05-24T10:50:00+00:00,recorded_legacy,higher:23,0,0.0035000000000000014,0,istanbul/2026-05-24/2026-05-24T10:50:00+00:00,0.09244095738699198
istanbul/2026-05-24,2026-05-24T11:20:00+00:00,recorded_legacy,exact:20,0.9996,0.855,1,istanbul/2026-05-24/2026-05-24T11:20:00+00:00,0.0045248917388792664
istanbul/2026-05-24,2026-05-24T11:20:00+00:00,recorded_legacy,exact:21,0.0004,0.1355,0,istanbul/2026-05-24/2026-05-24T11:20:00+00:00,0.0045248917388792664
istanbul/2026-05-24,2026-05-24T11:20:00+00:00,recorded_legacy,exact:22,0.0,0.007000000000000003,0,istanbul/2026-05-24/2026-05-24T11:20:00+00:00,0.0045248917388792664
istanbul/2026-05-24,2026-05-24T11:20:00+00:00,recorded_legacy,higher:23,0,0.002500000000000001,0,istanbul/2026-05-24/2026-05-24T11:20:00+00:00,0.0045248917388792664
istanbul/2026-05-24,2026-05-24T12:20:00+00:00,recorded_legacy,exact:20,0.9907,0.79,1,istanbul/2026-05-24/2026-05-24T12:20:00+00:00,0.08546123672312778
istanbul/2026-05-24,2026-05-24T12:20:00+00:00,recorded_legacy,exact:21,0.0093,0.14350000000000002,0,istanbul/2026-05-24/2026-05-24T12:20:00+00:00,0.08546123672312778
istanbul/2026-05-24,2026-05-24T12:20:00+00:00,recorded_legacy,exact:22,0.0,0.023000000000000003,0,istanbul/2026-05-24/2026-05-24T12:20:00+00:00,0.08546123672312778
istanbul/2026-05-24,2026-05-24T12:20:00+00:00,recorded_legacy,higher:23,0,0.005000000000000001,0,istanbul/2026-05-24/2026-05-24T12:20:00+00:00,0.08546123672312778
istanbul/2026-05-25,2026-05-25T12:20:00+00:00,recorded_legacy,exact:21,0.7761,0.48000000000000004,0,istanbul/2026-05-25/2026-05-25T12:20:00+00:00,0.008663075238181328
istanbul/2026-05-25,2026-05-25T12:20:00+00:00,recorded_legacy,exact:22,0.2194,0.515,0,istanbul/2026-05-25/2026-05-25T12:20:00+00:00,0.008663075238181328
istanbul/2026-05-25,2026-05-25T12:20:00+00:00,recorded_legacy,exact:23,0.0045,0.07500000000000001,1,istanbul/2026-05-25/2026-05-25T12:20:00+00:00,0.008663075238181328
istanbul/2026-05-25,2026-05-25T12:20:00+00:00,recorded_legacy,exact:24,0.0,0.012500000000000004,0,istanbul/2026-05-25/2026-05-25T12:20:00+00:00,0.008663075238181328
istanbul/2026-05-25,2026-05-25T12:20:00+00:00,recorded_legacy,exact:25,0.0,0.005000000000000001,0,istanbul/2026-05-25/2026-05-25T12:20:00+00:00,0.008663075238181328
istanbul/2026-05-25,2026-05-25T12:20:00+00:00,recorded_legacy,higher:26,0,0.0020000000000000005,0,istanbul/2026-05-25/2026-05-25T12:20:00+00:00,0.008663075238181328
istanbul/2026-05-25,2026-05-25T12:50:00+00:00,recorded_legacy,exact:21,0.9185,0.76,0,istanbul/2026-05-25/2026-05-25T12:50:00+00:00,0.09408719247494979
istanbul/2026-05-25,2026-05-25T12:50:00+00:00,recorded_legacy,exact:22,0.0811,0.15,0,istanbul/2026-05-25/2026-05-25T12:50:00+00:00,0.09408719247494979
istanbul/2026-05-25,2026-05-25T12:50:00+00:00,recorded_legacy,exact:23,0.0004,0.03500000000000001,1,istanbul/2026-05-25/2026-05-25T12:50:00+00:00,0.09408719247494979
istanbul/2026-05-25,2026-05-25T12:50:00+00:00,recorded_legacy,exact:24,0.0,0.0125,0,istanbul/2026-05-25/2026-05-25T12:50:00+00:00,0.09408719247494979
istanbul/2026-05-25,2026-05-25T12:50:00+00:00,recorded_legacy,exact:25,0.0,0.0045000000000000005,0,istanbul/2026-05-25/2026-05-25T12:50:00+00:00,0.09408719247494979
istanbul/2026-05-25,2026-05-25T13:20:00+00:00,recorded_legacy,exact:22,1.0,0.835,0,istanbul/2026-05-25/2026-05-25T13:20:00+00:00,0.037871159690844314
istanbul/2026-05-25,2026-05-25T13:20:00+00:00,recorded_legacy,exact:23,0.0,0.128,1,istanbul/2026-05-25/2026-05-25T13:20:00+00:00,0.037871159690844314
istanbul/2026-05-25,2026-05-25T13:20:00+00:00,recorded_legacy,exact:24,0.0,0.013000000000000001,0,istanbul/2026-05-25/2026-05-25T13:20:00+00:00,0.037871159690844314
istanbul/2026-05-25,2026-05-25T13:20:00+00:00,recorded_legacy,exact:25,0.0,0.0055000000000000005,0,istanbul/2026-05-25/2026-05-25T13:20:00+00:00,0.037871159690844314
istanbul/2026-05-25,2026-05-25T13:50:00+00:00,recorded_legacy,exact:24,0.0,0.03999999999999998,0,istanbul/2026-05-25/2026-05-25T13:50:00+00:00,0.014571846566176605
istanbul/2026-05-25,2026-05-25T13:50:00+00:00,recorded_legacy,exact:25,0.0,0.0055000000000000005,0,istanbul/2026-05-25/2026-05-25T13:50:00+00:00,0.014571846566176605
istanbul/2026-05-25,2026-05-25T14:20:00+00:00,recorded_legacy,exact:23,0.9999,0.965,1,istanbul/2026-05-25/2026-05-25T14:20:00+00:00,0.13426925816633017
istanbul/2026-05-25,2026-05-25T14:20:00+00:00,recorded_legacy,exact:24,0.0001,0.024,0,istanbul/2026-05-25/2026-05-25T14:20:00+00:00,0.13426925816633017
istanbul/2026-05-25,2026-05-25T14:20:00+00:00,recorded_legacy,exact:25,0.0,0.0045000000000000005,0,istanbul/2026-05-25/2026-05-25T14:20:00+00:00,0.13426925816633017
istanbul/2026-06-06,2026-06-06T13:50:00+00:00,recorded_legacy,exact:22,0.0,0.777,1,istanbul/2026-06-06/2026-06-06T13:50:00+00:00,0.802182796317904
istanbul/2026-06-06,2026-06-06T13:50:00+00:00,recorded_legacy,exact:23,0.9978,0.16,0,istanbul/2026-06-06/2026-06-06T13:50:00+00:00,0.802182796317904
istanbul/2026-06-06,2026-06-06T13:50:00+00:00,recorded_legacy,exact:24,0.0022,0.04999999999999999,0,istanbul/2026-06-06/2026-06-06T13:50:00+00:00,0.802182796317904
istanbul/2026-06-06,2026-06-06T13:50:00+00:00,recorded_legacy,exact:25,0.0,0.0105,0,istanbul/2026-06-06/2026-06-06T13:50:00+00:00,0.802182796317904
istanbul/2026-06-06,2026-06-06T13:50:00+00:00,recorded_legacy,exact:26,0.0,0.005000000000000001,0,istanbul/2026-06-06/2026-06-06T13:50:00+00:00,0.802182796317904
istanbul/2026-06-06,2026-06-06T13:50:00+00:00,recorded_legacy,exact:27,0.0,0.0025000000000000005,0,istanbul/2026-06-06/2026-06-06T13:50:00+00:00,0.802182796317904
istanbul/2026-06-06,2026-06-06T14:20:00+00:00,recorded_legacy,exact:22,0.9996,0.813,1,istanbul/2026-06-06/2026-06-06T14:20:00+00:00,0.03972780666439979
istanbul/2026-06-06,2026-06-06T14:20:00+00:00,recorded_legacy,exact:23,0.0004,0.15500000000000003,0,istanbul/2026-06-06/2026-06-06T14:20:00+00:00,0.03972780666439979
istanbul/2026-06-06,2026-06-06T14:20:00+00:00,recorded_legacy,exact:24,0.0,0.020500000000000004,0,istanbul/2026-06-06/2026-06-06T14:20:00+00:00,0.03972780666439979
istanbul/2026-06-06,2026-06-06T14:20:00+00:00,recorded_legacy,exact:25,0.0,0.0015000000000000005,0,istanbul/2026-06-06/2026-06-06T14:20:00+00:00,0.03972780666439979
istanbul/2026-06-06,2026-06-06T14:20:00+00:00,recorded_legacy,exact:26,0.0,0.005,0,istanbul/2026-06-06/2026-06-06T14:20:00+00:00,0.03972780666439979
istanbul/2026-06-06,2026-06-06T14:20:00+00:00,recorded_legacy,exact:27,0.0,0.0015000000000000005,0,istanbul/2026-06-06/2026-06-06T14:20:00+00:00,0.03972780666439979
istanbul/2026-06-10,2026-06-10T12:20:00+00:00,recorded_legacy,exact:24,0.9958,0.895,1,istanbul/2026-06-10/2026-06-10T12:20:00+00:00,0.007325775270156977
istanbul/2026-06-10,2026-06-10T12:20:00+00:00,recorded_legacy,exact:25,0.0041,0.065,0,istanbul/2026-06-10/2026-06-10T12:20:00+00:00,0.007325775270156977
istanbul/2026-06-10,2026-06-10T12:20:00+00:00,recorded_legacy,exact:26,0.0001,0.0045000000000000005,0,istanbul/2026-06-10/2026-06-10T12:20:00+00:00,0.007325775270156977
istanbul/2026-06-10,2026-06-10T12:20:00+00:00,recorded_legacy,exact:27,0.0,0.01,0,istanbul/2026-06-10/2026-06-10T12:20:00+00:00,0.007325775270156977
istanbul/2026-06-10,2026-06-10T12:20:00+00:00,recorded_legacy,higher:28,0,0.01,0,istanbul/2026-06-10/2026-06-10T12:20:00+00:00,0.007325775270156977
istanbul/2026-06-10,2026-06-10T12:50:00+00:00,recorded_legacy,exact:24,0.9997,0.8400000000000001,1,istanbul/2026-06-10/2026-06-10T12:50:00+00:00,0.020983677125764433
istanbul/2026-06-10,2026-06-10T12:50:00+00:00,recorded_legacy,exact:25,0.0003,0.13,0,istanbul/2026-06-10/2026-06-10T12:50:00+00:00,0.020983677125764433
istanbul/2026-06-10,2026-06-10T12:50:00+00:00,recorded_legacy,exact:26,0.0,0.008,0,istanbul/2026-06-10/2026-06-10T12:50:00+00:00,0.020983677125764433
istanbul/2026-06-10,2026-06-10T12:50:00+00:00,recorded_legacy,exact:27,0.0,0.006000000000000001,0,istanbul/2026-06-10/2026-06-10T12:50:00+00:00,0.020983677125764433
istanbul/2026-06-10,2026-06-10T12:50:00+00:00,recorded_legacy,higher:28,0,0.0015000000000000005,0,istanbul/2026-06-10/2026-06-10T12:50:00+00:00,0.020983677125764433
istanbul/2026-06-10,2026-06-10T13:20:00+00:00,recorded_legacy,exact:24,0.9991,0.95,1,istanbul/2026-06-10/2026-06-10T13:20:00+00:00,0.004545694840767278
istanbul/2026-06-10,2026-06-10T13:20:00+00:00,recorded_legacy,exact:25,0.0009,0.04500000000000002,0,istanbul/2026-06-10/2026-06-10T13:20:00+00:00,0.004545694840767278
istanbul/2026-06-10,2026-06-10T13:20:00+00:00,recorded_legacy,exact:26,0.0,0.007000000000000001,0,istanbul/2026-06-10/2026-06-10T13:20:00+00:00,0.004545694840767278
istanbul/2026-06-10,2026-06-10T13:20:00+00:00,recorded_legacy,exact:27,0.0,0.0015000000000000005,0,istanbul/2026-06-10/2026-06-10T13:20:00+00:00,0.004545694840767278
istanbul/2026-06-10,2026-06-10T13:50:00+00:00,recorded_legacy,exact:24,0.9995,0.978,1,istanbul/2026-06-10/2026-06-10T13:50:00+00:00,0.0047564288725601145
istanbul/2026-06-10,2026-06-10T13:50:00+00:00,recorded_legacy,exact:25,0.0005,0.02500000000000001,0,istanbul/2026-06-10/2026-06-10T13:50:00+00:00,0.0047564288725601145
istanbul/2026-06-10,2026-06-10T13:50:00+00:00,recorded_legacy,exact:26,0.0,0.002500000000000001,0,istanbul/2026-06-10/2026-06-10T13:50:00+00:00,0.0047564288725601145
istanbul/2026-06-10,2026-06-10T13:50:00+00:00,recorded_legacy,exact:27,0.0,0.0015000000000000005,0,istanbul/2026-06-10/2026-06-10T13:50:00+00:00,0.0047564288725601145
istanbul/2026-06-10,2026-06-10T14:20:00+00:00,recorded_legacy,exact:24,1.0,0.9884999999999999,1,istanbul/2026-06-10/2026-06-10T14:20:00+00:00,0.0003962688105468848
istanbul/2026-06-10,2026-06-10T14:20:00+00:00,recorded_legacy,exact:25,0.0,0.010500000000000004,0,istanbul/2026-06-10/2026-06-10T14:20:00+00:00,0.0003962688105468848
istanbul/2026-06-10,2026-06-10T14:20:00+00:00,recorded_legacy,exact:26,0.0,0.005000000000000001,0,istanbul/2026-06-10/2026-06-10T14:20:00+00:00,0.0003962688105468848
istanbul/2026-06-10,2026-06-10T14:20:00+00:00,recorded_legacy,exact:27,0.0,0.0015000000000000005,0,istanbul/2026-06-10/2026-06-10T14:20:00+00:00,0.0003962688105468848
istanbul/2026-06-10,2026-06-10T14:50:00+00:00,recorded_legacy,exact:24,1.0,0.975,1,istanbul/2026-06-10/2026-06-10T14:50:00+00:00,0.0011330895771461957
istanbul/2026-06-10,2026-06-10T14:50:00+00:00,recorded_legacy,exact:25,0.0,0.02900000000000001,0,istanbul/2026-06-10/2026-06-10T14:50:00+00:00,0.0011330895771461957
istanbul/2026-06-10,2026-06-10T14:50:00+00:00,recorded_legacy,exact:26,0.0,0.005000000000000001,0,istanbul/2026-06-10/2026-06-10T14:50:00+00:00,0.0011330895771461957
istanbul/2026-06-10,2026-06-10T14:50:00+00:00,recorded_legacy,exact:27,0.0,0.0015000000000000005,0,istanbul/2026-06-10/2026-06-10T14:50:00+00:00,0.0011330895771461957
istanbul/2026-06-11,2026-06-11T10:20:00+00:00,recorded_legacy,exact:24,0.8971,0.6799999999999999,1,istanbul/2026-06-11/2026-06-11T10:20:00+00:00,0.19469555538693017
istanbul/2026-06-11,2026-06-11T10:20:00+00:00,recorded_legacy,exact:25,0.102,0.285,0,istanbul/2026-06-11/2026-06-11T10:20:00+00:00,0.19469555538693017
istanbul/2026-06-11,2026-06-11T10:20:00+00:00,recorded_legacy,exact:26,0.0009,0.05499999999999999,0,istanbul/2026-06-11/2026-06-11T10:20:00+00:00,0.19469555538693017
istanbul/2026-06-11,2026-06-11T10:20:00+00:00,recorded_legacy,exact:27,0.0,0.0065000000000000014,0,istanbul/2026-06-11/2026-06-11T10:20:00+00:00,0.19469555538693017
istanbul/2026-06-11,2026-06-11T10:20:00+00:00,recorded_legacy,higher:28,0,0.004,0,istanbul/2026-06-11/2026-06-11T10:20:00+00:00,0.19469555538693017
istanbul/2026-06-11,2026-06-11T10:50:00+00:00,recorded_legacy,exact:24,0.7442,0.72,1,istanbul/2026-06-11/2026-06-11T10:50:00+00:00,0.05688369017285799
istanbul/2026-06-11,2026-06-11T10:50:00+00:00,recorded_legacy,exact:25,0.2471,0.255,0,istanbul/2026-06-11/2026-06-11T10:50:00+00:00,0.05688369017285799
istanbul/2026-06-11,2026-06-11T10:50:00+00:00,recorded_legacy,exact:26,0.0086,0.05000000000000002,0,istanbul/2026-06-11/2026-06-11T10:50:00+00:00,0.05688369017285799
istanbul/2026-06-11,2026-06-11T10:50:00+00:00,recorded_legacy,exact:27,0.0001,0.0065000000000000014,0,istanbul/2026-06-11/2026-06-11T10:50:00+00:00,0.05688369017285799
istanbul/2026-06-11,2026-06-11T10:50:00+00:00,recorded_legacy,higher:28,0,0.0025000000000000005,0,istanbul/2026-06-11/2026-06-11T10:50:00+00:00,0.05688369017285799
istanbul/2026-06-11,2026-06-11T11:20:00+00:00,recorded_legacy,exact:24,0.7036,0.72,1,istanbul/2026-06-11/2026-06-11T11:20:00+00:00,0.10286055600469446
istanbul/2026-06-11,2026-06-11T11:20:00+00:00,recorded_legacy,exact:25,0.2817,0.255,0,istanbul/2026-06-11/2026-06-11T11:20:00+00:00,0.10286055600469446
istanbul/2026-06-11,2026-06-11T11:20:00+00:00,recorded_legacy,exact:26,0.0143,0.05000000000000002,0,istanbul/2026-06-11/2026-06-11T11:20:00+00:00,0.10286055600469446
istanbul/2026-06-11,2026-06-11T11:20:00+00:00,recorded_legacy,exact:27,0.0004,0.005500000000000001,0,istanbul/2026-06-11/2026-06-11T11:20:00+00:00,0.10286055600469446
istanbul/2026-06-11,2026-06-11T11:20:00+00:00,recorded_legacy,higher:28,0,0.0015000000000000005,0,istanbul/2026-06-11/2026-06-11T11:20:00+00:00,0.10286055600469446
istanbul/2026-06-11,2026-06-11T11:50:00+00:00,recorded_legacy,exact:24,0.6236,0.8400000000000001,1,istanbul/2026-06-11/2026-06-11T11:50:00+00:00,0.07233300908059137
istanbul/2026-06-11,2026-06-11T11:50:00+00:00,recorded_legacy,exact:25,0.3331,0.105,0,istanbul/2026-06-11/2026-06-11T11:50:00+00:00,0.07233300908059137
istanbul/2026-06-11,2026-06-11T11:50:00+00:00,recorded_legacy,exact:26,0.0423,0.03400000000000001,0,istanbul/2026-06-11/2026-06-11T11:50:00+00:00,0.07233300908059137
istanbul/2026-06-11,2026-06-11T11:50:00+00:00,recorded_legacy,exact:27,0.001,0.0045000000000000005,0,istanbul/2026-06-11/2026-06-11T11:50:00+00:00,0.07233300908059137
istanbul/2026-06-11,2026-06-11T11:50:00+00:00,recorded_legacy,higher:28,0,0.0025000000000000005,0,istanbul/2026-06-11/2026-06-11T11:50:00+00:00,0.07233300908059137
istanbul/2026-06-11,2026-06-11T12:20:00+00:00,recorded_legacy,exact:24,0.8509000000000001,0.8400000000000001,1,istanbul/2026-06-11/2026-06-11T12:20:00+00:00,0.09693752935433797
istanbul/2026-06-11,2026-06-11T12:20:00+00:00,recorded_legacy,exact:25,0.14570000000000002,0.14500000000000002,0,istanbul/2026-06-11/2026-06-11T12:20:00+00:00,0.09693752935433797
istanbul/2026-06-11,2026-06-11T12:20:00+00:00,recorded_legacy,exact:26,0.0034000000000000002,0.013500000000000003,0,istanbul/2026-06-11/2026-06-11T12:20:00+00:00,0.09693752935433797
istanbul/2026-06-11,2026-06-11T12:20:00+00:00,recorded_legacy,exact:27,0.0,0.0025000000000000005,0,istanbul/2026-06-11/2026-06-11T12:20:00+00:00,0.09693752935433797
istanbul/2026-06-11,2026-06-11T12:20:00+00:00,recorded_legacy,higher:28,0,0.0015000000000000005,0,istanbul/2026-06-11/2026-06-11T12:20:00+00:00,0.09693752935433797
istanbul/2026-06-11,2026-06-11T12:50:00+00:00,recorded_legacy,exact:24,0.9634,0.855,1,istanbul/2026-06-11/2026-06-11T12:50:00+00:00,0.01167175588971181
istanbul/2026-06-11,2026-06-11T12:50:00+00:00,recorded_legacy,exact:25,0.0363,0.05499999999999999,0,istanbul/2026-06-11/2026-06-11T12:50:00+00:00,0.01167175588971181
istanbul/2026-06-11,2026-06-11T12:50:00+00:00,recorded_legacy,exact:26,0.0003,0.009000000000000003,0,istanbul/2026-06-11/2026-06-11T12:50:00+00:00,0.01167175588971181
istanbul/2026-06-11,2026-06-11T12:50:00+00:00,recorded_legacy,exact:27,0.0,0.002500000000000001,0,istanbul/2026-06-11/2026-06-11T12:50:00+00:00,0.01167175588971181
istanbul/2026-06-11,2026-06-11T12:50:00+00:00,recorded_legacy,higher:28,0,0.0015000000000000005,0,istanbul/2026-06-11/2026-06-11T12:50:00+00:00,0.01167175588971181
istanbul/2026-06-11,2026-06-11T13:20:00+00:00,recorded_legacy,exact:24,0.9931,0.8200000000000001,1,istanbul/2026-06-11/2026-06-11T13:20:00+00:00,0.09768590380557274
istanbul/2026-06-11,2026-06-11T13:20:00+00:00,recorded_legacy,exact:25,0.0069,0.175,0,istanbul/2026-06-11/2026-06-11T13:20:00+00:00,0.09768590380557274
istanbul/2026-06-11,2026-06-11T13:20:00+00:00,recorded_legacy,exact:26,0.0,0.014000000000000004,0,istanbul/2026-06-11/2026-06-11T13:20:00+00:00,0.09768590380557274
istanbul/2026-06-11,2026-06-11T13:20:00+00:00,recorded_legacy,exact:27,0.0,0.004500000000000001,0,istanbul/2026-06-11/2026-06-11T13:20:00+00:00,0.09768590380557274
istanbul/2026-06-11,2026-06-11T13:20:00+00:00,recorded_legacy,higher:28,0,0.0015000000000000005,0,istanbul/2026-06-11/2026-06-11T13:20:00+00:00,0.09768590380557274
istanbul/2026-06-11,2026-06-11T13:50:00+00:00,recorded_legacy,exact:24,0.9992,0.9099999999999999,1,istanbul/2026-06-11/2026-06-11T13:50:00+00:00,0.03998858442833797
istanbul/2026-06-11,2026-06-11T13:50:00+00:00,recorded_legacy,exact:25,0.0008,0.07500000000000001,0,istanbul/2026-06-11/2026-06-11T13:50:00+00:00,0.03998858442833797
istanbul/2026-06-11,2026-06-11T13:50:00+00:00,recorded_legacy,exact:26,0.0,0.0065000000000000014,0,istanbul/2026-06-11/2026-06-11T13:50:00+00:00,0.03998858442833797
istanbul/2026-06-11,2026-06-11T13:50:00+00:00,recorded_legacy,exact:27,0.0,0.0020000000000000005,0,istanbul/2026-06-11/2026-06-11T13:50:00+00:00,0.03998858442833797
istanbul/2026-06-11,2026-06-11T13:50:00+00:00,recorded_legacy,higher:28,0,0.0020000000000000005,0,istanbul/2026-06-11/2026-06-11T13:50:00+00:00,0.03998858442833797
istanbul/2026-06-11,2026-06-11T14:20:00+00:00,recorded_legacy,exact:24,1.0,0.96,1,istanbul/2026-06-11/2026-06-11T14:20:00+00:00,0.0007884265807639797
istanbul/2026-06-11,2026-06-11T14:20:00+00:00,recorded_legacy,exact:25,0.0,0.04500000000000002,0,istanbul/2026-06-11/2026-06-11T14:20:00+00:00,0.0007884265807639797
istanbul/2026-06-11,2026-06-11T14:20:00+00:00,recorded_legacy,exact:26,0.0,0.006000000000000001,0,istanbul/2026-06-11/2026-06-11T14:20:00+00:00,0.0007884265807639797
istanbul/2026-06-11,2026-06-11T14:20:00+00:00,recorded_legacy,exact:27,0.0,0.0030000000000000005,0,istanbul/2026-06-11/2026-06-11T14:20:00+00:00,0.0007884265807639797
istanbul/2026-06-11,2026-06-11T14:20:00+00:00,recorded_legacy,higher:28,0,0.0020000000000000005,0,istanbul/2026-06-11/2026-06-11T14:20:00+00:00,0.0007884265807639797
istanbul/2026-06-11,2026-06-11T14:50:00+00:00,recorded_legacy,exact:24,0.0005,0.988,1,istanbul/2026-06-11/2026-06-11T14:50:00+00:00,0.0833979288109774
istanbul/2026-06-11,2026-06-11T14:50:00+00:00,recorded_legacy,exact:25,0.0,0.014500000000000004,0,istanbul/2026-06-11/2026-06-11T14:50:00+00:00,0.0833979288109774
istanbul/2026-06-11,2026-06-11T14:50:00+00:00,recorded_legacy,exact:26,0.0,0.0035000000000000005,0,istanbul/2026-06-11/2026-06-11T14:50:00+00:00,0.0833979288109774
istanbul/2026-06-11,2026-06-11T14:50:00+00:00,recorded_legacy,exact:27,0.0,0.004,0,istanbul/2026-06-11/2026-06-11T14:50:00+00:00,0.0833979288109774
istanbul/2026-06-11,2026-06-11T14:50:00+00:00,recorded_legacy,higher:28,0,0.0025000000000000005,0,istanbul/2026-06-11/2026-06-11T14:50:00+00:00,0.0833979288109774
istanbul/2026-06-11,2026-06-11T15:20:00+00:00,recorded_legacy,exact:24,0.0,0.987,1,istanbul/2026-06-11/2026-06-11T15:20:00+00:00,0.030659682098130303
istanbul/2026-06-11,2026-06-11T15:20:00+00:00,recorded_legacy,exact:25,0.0,0.013500000000000005,0,istanbul/2026-06-11/2026-06-11T15:20:00+00:00,0.030659682098130303
istanbul/2026-06-11,2026-06-11T15:20:00+00:00,recorded_legacy,exact:26,0.0,0.0035000000000000005,0,istanbul/2026-06-11/2026-06-11T15:20:00+00:00,0.030659682098130303
istanbul/2026-06-11,2026-06-11T15:20:00+00:00,recorded_legacy,exact:27,0.0,0.004,0,istanbul/2026-06-11/2026-06-11T15:20:00+00:00,0.030659682098130303
istanbul/2026-06-11,2026-06-11T15:20:00+00:00,recorded_legacy,higher:28,0,0.0025000000000000005,0,istanbul/2026-06-11/2026-06-11T15:20:00+00:00,0.030659682098130303
istanbul/2026-06-11,2026-06-11T15:50:00+00:00,recorded_legacy,exact:24,0.0,0.987,1,istanbul/2026-06-11/2026-06-11T15:50:00+00:00,0.007082213146602734
istanbul/2026-06-11,2026-06-11T15:50:00+00:00,recorded_legacy,exact:25,0.0,0.007,0,istanbul/2026-06-11/2026-06-11T15:50:00+00:00,0.007082213146602734
istanbul/2026-06-11,2026-06-11T15:50:00+00:00,recorded_legacy,exact:26,0.0,0.0030000000000000005,0,istanbul/2026-06-11/2026-06-11T15:50:00+00:00,0.007082213146602734
istanbul/2026-06-11,2026-06-11T15:50:00+00:00,recorded_legacy,exact:27,0.0,0.004,0,istanbul/2026-06-11/2026-06-11T15:50:00+00:00,0.007082213146602734
istanbul/2026-06-11,2026-06-11T15:50:00+00:00,recorded_legacy,higher:28,0,0.0025000000000000005,0,istanbul/2026-06-11/2026-06-11T15:50:00+00:00,0.007082213146602734
istanbul/2026-06-11,2026-06-11T16:20:00+00:00,recorded_legacy,exact:24,0.0,0.9955,1,istanbul/2026-06-11/2026-06-11T16:20:00+00:00,0.0008474128915424428
istanbul/2026-06-11,2026-06-11T16:20:00+00:00,recorded_legacy,exact:25,0.0,0.004000000000000001,0,istanbul/2026-06-11/2026-06-11T16:20:00+00:00,0.0008474128915424428
istanbul/2026-06-11,2026-06-11T16:20:00+00:00,recorded_legacy,exact:26,0.0,0.0015000000000000005,0,istanbul/2026-06-11/2026-06-11T16:20:00+00:00,0.0008474128915424428
istanbul/2026-06-11,2026-06-11T16:20:00+00:00,recorded_legacy,exact:27,0.0,0.0015000000000000005,0,istanbul/2026-06-11/2026-06-11T16:20:00+00:00,0.0008474128915424428
istanbul/2026-06-12,2026-06-12T10:20:00+00:00,recorded_legacy,exact:24,0.875,0.69,1,istanbul/2026-06-12/2026-06-12T10:20:00+00:00,0.02210610549630329
istanbul/2026-06-12,2026-06-12T10:20:00+00:00,recorded_legacy,exact:25,0.1233,0.255,0,istanbul/2026-06-12/2026-06-12T10:20:00+00:00,0.02210610549630329
istanbul/2026-06-12,2026-06-12T10:20:00+00:00,recorded_legacy,exact:26,0.0017,0.02650000000000001,0,istanbul/2026-06-12/2026-06-12T10:20:00+00:00,0.02210610549630329
istanbul/2026-06-12,2026-06-12T10:20:00+00:00,recorded_legacy,exact:27,0.0,0.006000000000000002,0,istanbul/2026-06-12/2026-06-12T10:20:00+00:00,0.02210610549630329
istanbul/2026-06-12,2026-06-12T10:20:00+00:00,recorded_legacy,higher:28,0,0.0015000000000000005,0,istanbul/2026-06-12/2026-06-12T10:20:00+00:00,0.02210610549630329
istanbul/2026-06-12,2026-06-12T10:50:00+00:00,recorded_legacy,exact:24,0.874,0.675,1,istanbul/2026-06-12/2026-06-12T10:50:00+00:00,0.1578096739580419
istanbul/2026-06-12,2026-06-12T10:50:00+00:00,recorded_legacy,exact:25,0.1234,0.245,0,istanbul/2026-06-12/2026-06-12T10:50:00+00:00,0.1578096739580419
istanbul/2026-06-12,2026-06-12T10:50:00+00:00,recorded_legacy,exact:26,0.0026,0.03500000000000001,0,istanbul/2026-06-12/2026-06-12T10:50:00+00:00,0.1578096739580419
istanbul/2026-06-12,2026-06-12T10:50:00+00:00,recorded_legacy,exact:27,0.0,0.004500000000000001,0,istanbul/2026-06-12/2026-06-12T10:50:00+00:00,0.1578096739580419
istanbul/2026-06-12,2026-06-12T10:50:00+00:00,recorded_legacy,higher:28,0,0.003000000000000001,0,istanbul/2026-06-12/2026-06-12T10:50:00+00:00,0.1578096739580419
istanbul/2026-06-12,2026-06-12T11:20:00+00:00,recorded_legacy,exact:24,0.9705,0.7150000000000001,1,istanbul/2026-06-12/2026-06-12T11:20:00+00:00,0.09724173264090563
istanbul/2026-06-12,2026-06-12T11:20:00+00:00,recorded_legacy,exact:25,0.0295,0.275,0,istanbul/2026-06-12/2026-06-12T11:20:00+00:00,0.09724173264090563
istanbul/2026-06-12,2026-06-12T11:20:00+00:00,recorded_legacy,exact:26,0.0,0.02650000000000001,0,istanbul/2026-06-12/2026-06-12T11:20:00+00:00,0.09724173264090563
istanbul/2026-06-12,2026-06-12T11:20:00+00:00,recorded_legacy,exact:27,0.0,0.004000000000000002,0,istanbul/2026-06-12/2026-06-12T11:20:00+00:00,0.09724173264090563
istanbul/2026-06-12,2026-06-12T11:20:00+00:00,recorded_legacy,higher:28,0,0.0015000000000000005,0,istanbul/2026-06-12/2026-06-12T11:20:00+00:00,0.09724173264090563
london/2026-06-11,2026-06-11T15:20:00+00:00,recorded_legacy,exact:14,0.0,0.014500000000000002,0,london/2026-06-11/2026-06-11T15:20:00+00:00,0.03169020841197123
london/2026-06-11,2026-06-11T15:20:00+00:00,recorded_legacy,exact:15,0.07050000000000001,0.185,0,london/2026-06-11/2026-06-11T15:20:00+00:00,0.03169020841197123
london/2026-06-11,2026-06-11T15:20:00+00:00,recorded_legacy,exact:16,0.48230000000000006,0.39,0,london/2026-06-11/2026-06-11T15:20:00+00:00,0.03169020841197123
london/2026-06-11,2026-06-11T15:20:00+00:00,recorded_legacy,exact:17,0.38970000000000005,0.37,1,london/2026-06-11/2026-06-11T15:20:00+00:00,0.03169020841197123
london/2026-06-11,2026-06-11T15:20:00+00:00,recorded_legacy,exact:18,0.05530000000000001,0.039500000000000014,0,london/2026-06-11/2026-06-11T15:20:00+00:00,0.03169020841197123
london/2026-06-11,2026-06-11T15:20:00+00:00,recorded_legacy,higher:19,0.0022000000000000006,0.004000000000000002,0,london/2026-06-11/2026-06-11T15:20:00+00:00,0.03169020841197123
london/2026-06-11,2026-06-11T15:50:00+00:00,recorded_legacy,exact:15,0.0395,0.095,0,london/2026-06-11/2026-06-11T15:50:00+00:00,0.02292324752034025
london/2026-06-11,2026-06-11T15:50:00+00:00,recorded_legacy,exact:16,0.3889,0.28500000000000003,0,london/2026-06-11/2026-06-11T15:50:00+00:00,0.02292324752034025
london/2026-06-11,2026-06-11T15:50:00+00:00,recorded_legacy,exact:17,0.4798,0.5549999999999999,1,london/2026-06-11/2026-06-11T15:50:00+00:00,0.02292324752034025
london/2026-06-11,2026-06-11T15:50:00+00:00,recorded_legacy,exact:18,0.0892,0.07649999999999998,0,london/2026-06-11/2026-06-11T15:50:00+00:00,0.02292324752034025
london/2026-06-11,2026-06-11T15:50:00+00:00,recorded_legacy,higher:19,0.0026,0.003500000000000001,0,london/2026-06-11/2026-06-11T15:50:00+00:00,0.02292324752034025
london/2026-06-11,2026-06-11T16:20:00+00:00,recorded_legacy,exact:15,0.0,0.04500000000000002,0,london/2026-06-11/2026-06-11T16:20:00+00:00,0.07780986041478
london/2026-06-11,2026-06-11T16:20:00+00:00,recorded_legacy,exact:16,0.3009,0.36,0,london/2026-06-11/2026-06-11T16:20:00+00:00,0.07780986041478
london/2026-06-11,2026-06-11T16:20:00+00:00,recorded_legacy,exact:17,0.5898,0.535,1,london/2026-06-11/2026-06-11T16:20:00+00:00,0.07780986041478
london/2026-06-11,2026-06-11T16:20:00+00:00,recorded_legacy,exact:18,0.105,0.049500000000000016,0,london/2026-06-11/2026-06-11T16:20:00+00:00,0.07780986041478
london/2026-06-11,2026-06-11T16:20:00+00:00,recorded_legacy,higher:19,0.0043,0.0030000000000000005,0,london/2026-06-11/2026-06-11T16:20:00+00:00,0.07780986041478
madrid/2026-06-11,2026-06-11T13:00:00+00:00,recorded_legacy,exact:31,0.06880000000000001,0.02350000000000001,0,madrid/2026-06-11/2026-06-11T13:00:00+00:00,0.020772938402941143
madrid/2026-06-11,2026-06-11T13:00:00+00:00,recorded_legacy,exact:32,0.46640000000000004,0.28,1,madrid/2026-06-11/2026-06-11T13:00:00+00:00,0.020772938402941143
madrid/2026-06-11,2026-06-11T13:00:00+00:00,recorded_legacy,exact:33,0.4126000000000001,0.575,0,madrid/2026-06-11/2026-06-11T13:00:00+00:00,0.020772938402941143
madrid/2026-06-11,2026-06-11T13:00:00+00:00,recorded_legacy,exact:34,0.05120000000000001,0.125,0,madrid/2026-06-11/2026-06-11T13:00:00+00:00,0.020772938402941143
madrid/2026-06-11,2026-06-11T13:00:00+00:00,recorded_legacy,exact:35,0.0005000000000000001,0.019000000000000003,0,madrid/2026-06-11/2026-06-11T13:00:00+00:00,0.020772938402941143
madrid/2026-06-11,2026-06-11T13:30:00+00:00,recorded_legacy,exact:31,0.1,0.021000000000000005,0,madrid/2026-06-11/2026-06-11T13:30:00+00:00,0.18992319452789921
madrid/2026-06-11,2026-06-11T13:30:00+00:00,recorded_legacy,exact:32,0.5129,0.28500000000000003,1,madrid/2026-06-11/2026-06-11T13:30:00+00:00,0.18992319452789921
madrid/2026-06-11,2026-06-11T13:30:00+00:00,recorded_legacy,exact:33,0.3487,0.605,0,madrid/2026-06-11/2026-06-11T13:30:00+00:00,0.18992319452789921
madrid/2026-06-11,2026-06-11T13:30:00+00:00,recorded_legacy,exact:34,0.0378,0.05500000000000002,0,madrid/2026-06-11/2026-06-11T13:30:00+00:00,0.18992319452789921
madrid/2026-06-11,2026-06-11T13:30:00+00:00,recorded_legacy,exact:35,0.0006,0.010000000000000002,0,madrid/2026-06-11/2026-06-11T13:30:00+00:00,0.18992319452789921
madrid/2026-06-11,2026-06-11T14:00:00+00:00,recorded_legacy,exact:31,0.0432,0.0125,0,madrid/2026-06-11/2026-06-11T14:00:00+00:00,0.0476890096262248
madrid/2026-06-11,2026-06-11T14:00:00+00:00,recorded_legacy,exact:32,0.5049,0.29000000000000004,1,madrid/2026-06-11/2026-06-11T14:00:00+00:00,0.0476890096262248
madrid/2026-06-11,2026-06-11T14:00:00+00:00,recorded_legacy,exact:33,0.4083,0.635,0,madrid/2026-06-11/2026-06-11T14:00:00+00:00,0.0476890096262248
madrid/2026-06-11,2026-06-11T14:00:00+00:00,recorded_legacy,exact:34,0.0429,0.08499999999999999,0,madrid/2026-06-11/2026-06-11T14:00:00+00:00,0.0476890096262248
madrid/2026-06-11,2026-06-11T14:00:00+00:00,recorded_legacy,exact:35,0.0007,0.008000000000000002,0,madrid/2026-06-11/2026-06-11T14:00:00+00:00,0.0476890096262248
madrid/2026-06-11,2026-06-11T14:30:00+00:00,recorded_legacy,exact:31,0.0,0.021000000000000005,0,madrid/2026-06-11/2026-06-11T14:30:00+00:00,0.37076094026151707
madrid/2026-06-11,2026-06-11T14:30:00+00:00,recorded_legacy,exact:32,0.6297000000000001,0.28500000000000003,1,madrid/2026-06-11/2026-06-11T14:30:00+00:00,0.37076094026151707
madrid/2026-06-11,2026-06-11T14:30:00+00:00,recorded_legacy,exact:33,0.34230000000000005,0.645,0,madrid/2026-06-11/2026-06-11T14:30:00+00:00,0.37076094026151707
madrid/2026-06-11,2026-06-11T14:30:00+00:00,recorded_legacy,exact:34,0.027600000000000003,0.09,0,madrid/2026-06-11/2026-06-11T14:30:00+00:00,0.37076094026151707
madrid/2026-06-11,2026-06-11T14:30:00+00:00,recorded_legacy,exact:35,0.0004000000000000001,0.003000000000000001,0,madrid/2026-06-11/2026-06-11T14:30:00+00:00,0.37076094026151707
madrid/2026-06-11,2026-06-11T15:00:00+00:00,recorded_legacy,exact:31,0.0,0.0015000000000000005,0,madrid/2026-06-11/2026-06-11T15:00:00+00:00,0.07059218247606736
madrid/2026-06-11,2026-06-11T15:00:00+00:00,recorded_legacy,exact:32,0.2135,0.265,1,madrid/2026-06-11/2026-06-11T15:00:00+00:00,0.07059218247606736
madrid/2026-06-11,2026-06-11T15:00:00+00:00,recorded_legacy,exact:33,0.569,0.6699999999999999,0,madrid/2026-06-11/2026-06-11T15:00:00+00:00,0.07059218247606736
madrid/2026-06-11,2026-06-11T15:00:00+00:00,recorded_legacy,exact:34,0.2074,0.07,0,madrid/2026-06-11/2026-06-11T15:00:00+00:00,0.07059218247606736
madrid/2026-06-11,2026-06-11T15:00:00+00:00,recorded_legacy,exact:35,0.0099,0.018500000000000003,0,madrid/2026-06-11/2026-06-11T15:00:00+00:00,0.07059218247606736
madrid/2026-06-11,2026-06-11T15:30:00+00:00,recorded_legacy,exact:32,0.714,0.39,1,madrid/2026-06-11/2026-06-11T15:30:00+00:00,0.48795667942595833
madrid/2026-06-11,2026-06-11T15:30:00+00:00,recorded_legacy,exact:33,0.2772,0.55,0,madrid/2026-06-11/2026-06-11T15:30:00+00:00,0.48795667942595833
madrid/2026-06-11,2026-06-11T15:30:00+00:00,recorded_legacy,exact:34,0.0088,0.07999999999999999,0,madrid/2026-06-11/2026-06-11T15:30:00+00:00,0.48795667942595833
madrid/2026-06-11,2026-06-11T15:30:00+00:00,recorded_legacy,exact:35,0.0,0.0085,0,madrid/2026-06-11/2026-06-11T15:30:00+00:00,0.48795667942595833
madrid/2026-06-11,2026-06-11T16:00:00+00:00,recorded_legacy,exact:32,0.7181000000000001,0.335,1,madrid/2026-06-11/2026-06-11T16:00:00+00:00,0.08593818188957258
madrid/2026-06-11,2026-06-11T16:00:00+00:00,recorded_legacy,exact:33,0.27040000000000003,0.63,0,madrid/2026-06-11/2026-06-11T16:00:00+00:00,0.08593818188957258
madrid/2026-06-11,2026-06-11T16:00:00+00:00,recorded_legacy,exact:34,0.011500000000000002,0.05499999999999999,0,madrid/2026-06-11/2026-06-11T16:00:00+00:00,0.08593818188957258
madrid/2026-06-11,2026-06-11T16:00:00+00:00,recorded_legacy,exact:35,0.0,0.005000000000000001,0,madrid/2026-06-11/2026-06-11T16:00:00+00:00,0.08593818188957258
madrid/2026-06-11,2026-06-11T16:30:00+00:00,recorded_legacy,exact:32,0.8434,0.34500000000000003,1,madrid/2026-06-11/2026-06-11T16:30:00+00:00,0.1313538045931485
madrid/2026-06-11,2026-06-11T16:30:00+00:00,recorded_legacy,exact:33,0.1559,0.5900000000000001,0,madrid/2026-06-11/2026-06-11T16:30:00+00:00,0.1313538045931485
madrid/2026-06-11,2026-06-11T16:30:00+00:00,recorded_legacy,exact:34,0.0007,0.018000000000000006,0,madrid/2026-06-11/2026-06-11T16:30:00+00:00,0.1313538045931485
madrid/2026-06-11,2026-06-11T16:30:00+00:00,recorded_legacy,exact:35,0.0,0.0030000000000000005,0,madrid/2026-06-11/2026-06-11T16:30:00+00:00,0.1313538045931485
milan/2026-05-24,2026-05-24T14:20:00+00:00,recorded_legacy,exact:30,0.7832,0.545,1,milan/2026-05-24/2026-05-24T14:20:00+00:00,0.055221588223395957
milan/2026-05-24,2026-05-24T14:20:00+00:00,recorded_legacy,exact:31,0.2134,0.435,0,milan/2026-05-24/2026-05-24T14:20:00+00:00,0.055221588223395957
milan/2026-05-24,2026-05-24T14:20:00+00:00,recorded_legacy,exact:32,0.0034,0.05449999999999999,0,milan/2026-05-24/2026-05-24T14:20:00+00:00,0.055221588223395957
milan/2026-05-24,2026-05-24T14:20:00+00:00,recorded_legacy,higher:33,0,0.003000000000000001,0,milan/2026-05-24/2026-05-24T14:20:00+00:00,0.055221588223395957
milan/2026-05-24,2026-05-24T14:50:00+00:00,recorded_legacy,exact:30,0.812,0.74,1,milan/2026-05-24/2026-05-24T14:50:00+00:00,0.014623752457416428
milan/2026-05-24,2026-05-24T14:50:00+00:00,recorded_legacy,exact:31,0.1864,0.26,0,milan/2026-05-24/2026-05-24T14:50:00+00:00,0.014623752457416428
milan/2026-05-24,2026-05-24T14:50:00+00:00,recorded_legacy,exact:32,0.0016,0.02750000000000001,0,milan/2026-05-24/2026-05-24T14:50:00+00:00,0.014623752457416428
milan/2026-05-24,2026-05-24T14:50:00+00:00,recorded_legacy,higher:33,0,0.003000000000000001,0,milan/2026-05-24/2026-05-24T14:50:00+00:00,0.014623752457416428
milan/2026-05-24,2026-05-24T15:20:00+00:00,recorded_legacy,exact:30,0.9908,0.78,1,milan/2026-05-24/2026-05-24T15:20:00+00:00,0.08657573341076852
milan/2026-05-24,2026-05-24T15:20:00+00:00,recorded_legacy,exact:31,0.0092,0.255,0,milan/2026-05-24/2026-05-24T15:20:00+00:00,0.08657573341076852
milan/2026-05-24,2026-05-24T15:20:00+00:00,recorded_legacy,exact:32,0.0,0.0325,0,milan/2026-05-24/2026-05-24T15:20:00+00:00,0.08657573341076852
milan/2026-05-24,2026-05-24T15:20:00+00:00,recorded_legacy,higher:33,0,0.0020000000000000005,0,milan/2026-05-24/2026-05-24T15:20:00+00:00,0.08657573341076852
milan/2026-06-11,2026-06-11T14:50:00+00:00,recorded_legacy,exact:27,0.0,0.8,1,milan/2026-06-11/2026-06-11T14:50:00+00:00,0.6131199300921601
milan/2026-06-11,2026-06-11T14:50:00+00:00,recorded_legacy,exact:28,0.999,0.18,0,milan/2026-06-11/2026-06-11T14:50:00+00:00,0.6131199300921601
milan/2026-06-11,2026-06-11T14:50:00+00:00,recorded_legacy,exact:29,0.001,0.0045000000000000005,0,milan/2026-06-11/2026-06-11T14:50:00+00:00,0.6131199300921601
milan/2026-06-11,2026-06-11T14:50:00+00:00,recorded_legacy,exact:30,0.0,0.0025000000000000005,0,milan/2026-06-11/2026-06-11T14:50:00+00:00,0.6131199300921601
milan/2026-06-11,2026-06-11T15:20:00+00:00,recorded_legacy,exact:27,0.9973,0.885,1,milan/2026-06-11/2026-06-11T15:20:00+00:00,0.15281388910897975
milan/2026-06-11,2026-06-11T15:20:00+00:00,recorded_legacy,exact:28,0.0027,0.13,0,milan/2026-06-11/2026-06-11T15:20:00+00:00,0.15281388910897975
milan/2026-06-11,2026-06-11T15:20:00+00:00,recorded_legacy,exact:29,0.0,0.0055000000000000005,0,milan/2026-06-11/2026-06-11T15:20:00+00:00,0.15281388910897975
milan/2026-06-11,2026-06-11T15:50:00+00:00,recorded_legacy,exact:27,0.9976,0.9099999999999999,1,milan/2026-06-11/2026-06-11T15:50:00+00:00,0.0942139952154254
milan/2026-06-11,2026-06-11T15:50:00+00:00,recorded_legacy,exact:28,0.0024,0.125,0,milan/2026-06-11/2026-06-11T15:50:00+00:00,0.0942139952154254
milan/2026-06-11,2026-06-11T15:50:00+00:00,recorded_legacy,exact:29,0.0,0.005,0,milan/2026-06-11/2026-06-11T15:50:00+00:00,0.0942139952154254
milan/2026-06-11,2026-06-11T16:20:00+00:00,recorded_legacy,exact:27,0.9998,0.9755,1,milan/2026-06-11/2026-06-11T16:20:00+00:00,0.0018564011069011066
milan/2026-06-11,2026-06-11T16:20:00+00:00,recorded_legacy,exact:28,0.0002,0.011000000000000005,0,milan/2026-06-11/2026-06-11T16:20:00+00:00,0.0018564011069011066
milan/2026-06-11,2026-06-11T16:20:00+00:00,recorded_legacy,exact:29,0.0,0.0045000000000000005,0,milan/2026-06-11/2026-06-11T16:20:00+00:00,0.0018564011069011066
moscow/2026-06-11,2026-06-11T12:00:00+00:00,recorded_legacy,exact:30,0.9898,0.765,0,moscow/2026-06-11/2026-06-11T12:00:00+00:00,0.26114434041024526
moscow/2026-06-11,2026-06-11T12:00:00+00:00,recorded_legacy,exact:32,0.0,0.011000000000000005,0,moscow/2026-06-11/2026-06-11T12:00:00+00:00,0.26114434041024526
moscow/2026-06-11,2026-06-11T12:00:00+00:00,recorded_legacy,exact:33,0.0,0.0020000000000000005,0,moscow/2026-06-11/2026-06-11T12:00:00+00:00,0.26114434041024526
moscow/2026-06-11,2026-06-11T13:00:00+00:00,recorded_legacy,exact:31,0.0,0.08300000000000002,1,moscow/2026-06-11/2026-06-11T13:00:00+00:00,0.18203134615566285
moscow/2026-06-11,2026-06-11T13:00:00+00:00,recorded_legacy,exact:32,0.0,0.021,0,moscow/2026-06-11/2026-06-11T13:00:00+00:00,0.18203134615566285
moscow/2026-06-11,2026-06-11T13:00:00+00:00,recorded_legacy,exact:33,0.0,0.0020000000000000005,0,moscow/2026-06-11/2026-06-11T13:00:00+00:00,0.18203134615566285
moscow/2026-06-11,2026-06-11T13:30:00+00:00,recorded_legacy,exact:31,1.0,0.9145000000000001,1,moscow/2026-06-11/2026-06-11T13:30:00+00:00,0.18164932534607814
moscow/2026-06-11,2026-06-11T13:30:00+00:00,recorded_legacy,exact:32,0.0,0.086,0,moscow/2026-06-11/2026-06-11T13:30:00+00:00,0.18164932534607814
moscow/2026-06-11,2026-06-11T13:30:00+00:00,recorded_legacy,exact:33,0.0,0.006500000000000001,0,moscow/2026-06-11/2026-06-11T13:30:00+00:00,0.18164932534607814
moscow/2026-06-11,2026-06-11T13:30:00+00:00,recorded_legacy,higher:34,0,0.0020000000000000005,0,moscow/2026-06-11/2026-06-11T13:30:00+00:00,0.18164932534607814
moscow/2026-06-11,2026-06-11T14:00:00+00:00,recorded_legacy,exact:31,1.0,0.982,1,moscow/2026-06-11/2026-06-11T14:00:00+00:00,0.0
moscow/2026-06-11,2026-06-11T14:00:00+00:00,recorded_legacy,exact:32,0.0,0.021500000000000005,0,moscow/2026-06-11/2026-06-11T14:00:00+00:00,0.0
moscow/2026-06-11,2026-06-11T14:00:00+00:00,recorded_legacy,exact:33,0.0,0.0020000000000000005,0,moscow/2026-06-11/2026-06-11T14:00:00+00:00,0.0
moscow/2026-06-11,2026-06-11T14:30:00+00:00,recorded_legacy,exact:31,1.0,0.9895,1,moscow/2026-06-11/2026-06-11T14:30:00+00:00,0.02131746870567123
moscow/2026-06-11,2026-06-11T14:30:00+00:00,recorded_legacy,exact:32,0.0,0.005500000000000001,0,moscow/2026-06-11/2026-06-11T14:30:00+00:00,0.02131746870567123
moscow/2026-06-11,2026-06-11T14:30:00+00:00,recorded_legacy,exact:33,0.0,0.0025000000000000005,0,moscow/2026-06-11/2026-06-11T14:30:00+00:00,0.02131746870567123
moscow/2026-06-11,2026-06-11T15:00:00+00:00,recorded_legacy,exact:31,0.0,0.9895,1,moscow/2026-06-11/2026-06-11T15:00:00+00:00,0.18184033575087044
moscow/2026-06-11,2026-06-11T15:00:00+00:00,recorded_legacy,exact:32,0.0,0.005500000000000002,0,moscow/2026-06-11/2026-06-11T15:00:00+00:00,0.18184033575087044
moscow/2026-06-11,2026-06-11T15:00:00+00:00,recorded_legacy,exact:33,0.0,0.0025000000000000005,0,moscow/2026-06-11/2026-06-11T15:00:00+00:00,0.18184033575087044
moscow/2026-06-11,2026-06-11T15:30:00+00:00,recorded_legacy,exact:31,0.0,0.996,1,moscow/2026-06-11/2026-06-11T15:30:00+00:00,0.18196767602073205
moscow/2026-06-11,2026-06-11T15:30:00+00:00,recorded_legacy,exact:32,0.0,0.002500000000000001,0,moscow/2026-06-11/2026-06-11T15:30:00+00:00,0.18196767602073205
moscow/2026-06-11,2026-06-11T15:30:00+00:00,recorded_legacy,exact:33,0.0,0.0020000000000000005,0,moscow/2026-06-11/2026-06-11T15:30:00+00:00,0.18196767602073205
moscow/2026-06-11,2026-06-11T16:00:00+00:00,recorded_legacy,exact:31,0.0,0.997,1,moscow/2026-06-11/2026-06-11T16:00:00+00:00,0.18196767602073205
moscow/2026-06-11,2026-06-11T16:00:00+00:00,recorded_legacy,exact:32,0.0,0.0020000000000000005,0,moscow/2026-06-11/2026-06-11T16:00:00+00:00,0.18196767602073205
moscow/2026-06-11,2026-06-11T16:30:00+00:00,recorded_legacy,exact:31,0.0,0.997,1,moscow/2026-06-11/2026-06-11T16:30:00+00:00,0.1334069486526085
moscow/2026-06-11,2026-06-11T16:30:00+00:00,recorded_legacy,exact:32,0.0,0.0020000000000000005,0,moscow/2026-06-11/2026-06-11T16:30:00+00:00,0.1334069486526085
munich/2026-06-11,2026-06-11T14:50:00+00:00,recorded_legacy,exact:16,0.1411,0.77,0,munich/2026-06-11/2026-06-11T14:50:00+00:00,0.272958391666833
munich/2026-06-11,2026-06-11T14:50:00+00:00,recorded_legacy,exact:17,0.6725,0.2,1,munich/2026-06-11/2026-06-11T14:50:00+00:00,0.272958391666833
munich/2026-06-11,2026-06-11T14:50:00+00:00,recorded_legacy,exact:18,0.1841,0.03650000000000002,0,munich/2026-06-11/2026-06-11T14:50:00+00:00,0.272958391666833
munich/2026-06-11,2026-06-11T15:20:00+00:00,recorded_legacy,exact:16,0.0,0.76,0,munich/2026-06-11/2026-06-11T15:20:00+00:00,0.30094424392913577
munich/2026-06-11,2026-06-11T15:20:00+00:00,recorded_legacy,exact:17,0.8171,0.22,1,munich/2026-06-11/2026-06-11T15:20:00+00:00,0.30094424392913577
munich/2026-06-11,2026-06-11T15:20:00+00:00,recorded_legacy,exact:18,0.1816,0.011500000000000002,0,munich/2026-06-11/2026-06-11T15:20:00+00:00,0.30094424392913577
munich/2026-06-11,2026-06-11T15:50:00+00:00,recorded_legacy,exact:17,0.998,0.925,1,munich/2026-06-11/2026-06-11T15:50:00+00:00,0.10337835493549208
munich/2026-06-11,2026-06-11T15:50:00+00:00,recorded_legacy,exact:18,0.002,0.038000000000000006,0,munich/2026-06-11/2026-06-11T15:50:00+00:00,0.10337835493549208
munich/2026-06-11,2026-06-11T15:50:00+00:00,recorded_legacy,exact:19,0.0,0.003000000000000001,0,munich/2026-06-11/2026-06-11T15:50:00+00:00,0.10337835493549208
munich/2026-06-11,2026-06-11T16:20:00+00:00,recorded_legacy,exact:17,0.9995,0.9450000000000001,1,munich/2026-06-11/2026-06-11T16:20:00+00:00,0.12684772547055967
munich/2026-06-11,2026-06-11T16:20:00+00:00,recorded_legacy,exact:18,0.0005,0.030500000000000003,0,munich/2026-06-11/2026-06-11T16:20:00+00:00,0.12684772547055967
munich/2026-06-11,2026-06-11T16:20:00+00:00,recorded_legacy,exact:19,0.0,0.0015000000000000005,0,munich/2026-06-11/2026-06-11T16:20:00+00:00,0.12684772547055967
paris/2026-06-11,2026-06-11T13:00:00+00:00,recorded_legacy,exact:18,0.6192,0.29500000000000004,0,paris/2026-06-11/2026-06-11T13:00:00+00:00,0.017539113619055413
paris/2026-06-11,2026-06-11T13:00:00+00:00,recorded_legacy,exact:19,0.3317,0.645,1,paris/2026-06-11/2026-06-11T13:00:00+00:00,0.017539113619055413
paris/2026-06-11,2026-06-11T13:00:00+00:00,recorded_legacy,exact:20,0.0473,0.05500000000000002,0,paris/2026-06-11/2026-06-11T13:00:00+00:00,0.017539113619055413
paris/2026-06-11,2026-06-11T13:00:00+00:00,recorded_legacy,exact:21,0.0018,0.005000000000000002,0,paris/2026-06-11/2026-06-11T13:00:00+00:00,0.017539113619055413
paris/2026-06-11,2026-06-11T13:30:00+00:00,recorded_legacy,exact:18,0.5598,0.0020000000000000005,0,paris/2026-06-11/2026-06-11T13:30:00+00:00,0.00908869549295821
paris/2026-06-11,2026-06-11T13:30:00+00:00,recorded_legacy,exact:19,0.3729,0.955,1,paris/2026-06-11/2026-06-11T13:30:00+00:00,0.00908869549295821
paris/2026-06-11,2026-06-11T13:30:00+00:00,recorded_legacy,exact:20,0.0655,0.041500000000000016,0,paris/2026-06-11/2026-06-11T13:30:00+00:00,0.00908869549295821
paris/2026-06-11,2026-06-11T13:30:00+00:00,recorded_legacy,exact:21,0.0018,0.0020000000000000005,0,paris/2026-06-11/2026-06-11T13:30:00+00:00,0.00908869549295821
paris/2026-06-11,2026-06-11T14:00:00+00:00,recorded_legacy,exact:19,0.2899,0.96,1,paris/2026-06-11/2026-06-11T14:00:00+00:00,0.05159868707119186
paris/2026-06-11,2026-06-11T14:00:00+00:00,recorded_legacy,exact:20,0.036,0.03100000000000001,0,paris/2026-06-11/2026-06-11T14:00:00+00:00,0.05159868707119186
paris/2026-06-11,2026-06-11T14:00:00+00:00,recorded_legacy,exact:21,0.0003,0.0025000000000000005,0,paris/2026-06-11/2026-06-11T14:00:00+00:00,0.05159868707119186
paris/2026-06-11,2026-06-11T14:30:00+00:00,recorded_legacy,exact:19,0.7731000000000001,0.9744999999999999,1,paris/2026-06-11/2026-06-11T14:30:00+00:00,0.1831839764890807
paris/2026-06-11,2026-06-11T14:30:00+00:00,recorded_legacy,exact:20,0.21310000000000004,0.011500000000000002,0,paris/2026-06-11/2026-06-11T14:30:00+00:00,0.1831839764890807
paris/2026-06-11,2026-06-11T15:00:00+00:00,recorded_legacy,exact:19,0.4756,0.9835,1,paris/2026-06-11/2026-06-11T15:00:00+00:00,0.09878126723140396
paris/2026-06-11,2026-06-11T15:00:00+00:00,recorded_legacy,exact:20,0.1063,0.010500000000000002,0,paris/2026-06-11/2026-06-11T15:00:00+00:00,0.09878126723140396
paris/2026-06-11,2026-06-11T15:30:00+00:00,recorded_legacy,exact:19,0.55,0.989,1,paris/2026-06-11/2026-06-11T15:30:00+00:00,0.06925829834263131
paris/2026-06-11,2026-06-11T15:30:00+00:00,recorded_legacy,exact:20,0.0678,0.007500000000000002,0,paris/2026-06-11/2026-06-11T15:30:00+00:00,0.06925829834263131
paris/2026-06-11,2026-06-11T16:00:00+00:00,recorded_legacy,exact:19,0.3612000000000001,0.993,1,paris/2026-06-11/2026-06-11T16:00:00+00:00,0.06689685632863207
paris/2026-06-11,2026-06-11T16:00:00+00:00,recorded_legacy,exact:20,0.03760000000000001,0.008500000000000002,0,paris/2026-06-11/2026-06-11T16:00:00+00:00,0.06689685632863207
paris/2026-06-11,2026-06-11T16:30:00+00:00,recorded_legacy,exact:19,0.2813,0.994,1,paris/2026-06-11/2026-06-11T16:30:00+00:00,0.11174114918718303
paris/2026-06-11,2026-06-11T16:30:00+00:00,recorded_legacy,exact:20,0.0109,0.0075000000000000015,0,paris/2026-06-11/2026-06-11T16:30:00+00:00,0.11174114918718303
warsaw/2026-06-11,2026-06-11T15:30:00+00:00,recorded_legacy,exact:16,0.9886,0.95,1,warsaw/2026-06-11/2026-06-11T15:30:00+00:00,0.005969297972916787
warsaw/2026-06-11,2026-06-11T15:30:00+00:00,recorded_legacy,exact:17,0.0113,0.05100000000000002,0,warsaw/2026-06-11/2026-06-11T15:30:00+00:00,0.005969297972916787
warsaw/2026-06-11,2026-06-11T15:30:00+00:00,recorded_legacy,exact:18,0.0001,0.0030000000000000005,0,warsaw/2026-06-11/2026-06-11T15:30:00+00:00,0.005969297972916787
warsaw/2026-06-11,2026-06-11T15:30:00+00:00,recorded_legacy,exact:19,0.0,0.0020000000000000005,0,warsaw/2026-06-11/2026-06-11T15:30:00+00:00,0.005969297972916787
warsaw/2026-06-11,2026-06-11T16:00:00+00:00,recorded_legacy,exact:16,0.9892,0.9550000000000001,1,warsaw/2026-06-11/2026-06-11T16:00:00+00:00,0.025239252936258505
warsaw/2026-06-11,2026-06-11T16:00:00+00:00,recorded_legacy,exact:17,0.0108,0.023500000000000007,0,warsaw/2026-06-11/2026-06-11T16:00:00+00:00,0.025239252936258505
warsaw/2026-06-11,2026-06-11T16:00:00+00:00,recorded_legacy,exact:18,0.0,0.0020000000000000005,0,warsaw/2026-06-11/2026-06-11T16:00:00+00:00,0.025239252936258505
warsaw/2026-06-11,2026-06-11T16:30:00+00:00,recorded_legacy,exact:16,0.9987,0.973,1,warsaw/2026-06-11/2026-06-11T16:30:00+00:00,0.1814317176399015
warsaw/2026-06-11,2026-06-11T16:30:00+00:00,recorded_legacy,exact:17,0.0013,0.030000000000000006,0,warsaw/2026-06-11/2026-06-11T16:30:00+00:00,0.1814317176399015
wellington/2026-05-21,2026-05-20T23:30:00+00:00,recorded_legacy,exact:16,0.5361,0.265,0,wellington/2026-05-21/2026-05-20T23:30:00+00:00,0.03801958884164258
wellington/2026-05-21,2026-05-20T23:30:00+00:00,recorded_legacy,exact:17,0.4257,0.595,1,wellington/2026-05-21/2026-05-20T23:30:00+00:00,0.03801958884164258
wellington/2026-05-21,2026-05-20T23:30:00+00:00,recorded_legacy,exact:18,0.0379,0.07899999999999999,0,wellington/2026-05-21/2026-05-20T23:30:00+00:00,0.03801958884164258
wellington/2026-05-21,2026-05-20T23:30:00+00:00,recorded_legacy,exact:19,0.0003,0.01850000000000001,0,wellington/2026-05-21/2026-05-20T23:30:00+00:00,0.03801958884164258
wellington/2026-05-21,2026-05-20T23:30:00+00:00,recorded_legacy,higher:20,0,0.004000000000000001,0,wellington/2026-05-21/2026-05-20T23:30:00+00:00,0.03801958884164258
wellington/2026-05-21,2026-05-21T00:00:00+00:00,recorded_legacy,exact:16,0.3992,0.425,0,wellington/2026-05-21/2026-05-21T00:00:00+00:00,0.09629994696211042
wellington/2026-05-21,2026-05-21T00:00:00+00:00,recorded_legacy,exact:17,0.5396,0.435,1,wellington/2026-05-21/2026-05-21T00:00:00+00:00,0.09629994696211042
wellington/2026-05-21,2026-05-21T00:00:00+00:00,recorded_legacy,exact:18,0.0603,0.0645,0,wellington/2026-05-21/2026-05-21T00:00:00+00:00,0.09629994696211042
wellington/2026-05-21,2026-05-21T00:00:00+00:00,recorded_legacy,exact:19,0.0009,0.011500000000000003,0,wellington/2026-05-21/2026-05-21T00:00:00+00:00,0.09629994696211042
wellington/2026-05-21,2026-05-21T00:00:00+00:00,recorded_legacy,higher:20,0,0.004000000000000001,0,wellington/2026-05-21/2026-05-21T00:00:00+00:00,0.09629994696211042
wellington/2026-05-21,2026-05-21T00:30:00+00:00,recorded_legacy,exact:17,0.4322,0.5,1,wellington/2026-05-21/2026-05-21T00:30:00+00:00,0.05304820982520314
wellington/2026-05-21,2026-05-21T00:30:00+00:00,recorded_legacy,exact:18,0.0243,0.065,0,wellington/2026-05-21/2026-05-21T00:30:00+00:00,0.05304820982520314
wellington/2026-05-21,2026-05-21T00:30:00+00:00,recorded_legacy,exact:19,0.0003,0.011000000000000003,0,wellington/2026-05-21/2026-05-21T00:30:00+00:00,0.05304820982520314
wellington/2026-05-21,2026-05-21T00:30:00+00:00,recorded_legacy,higher:20,0,0.004000000000000001,0,wellington/2026-05-21/2026-05-21T00:30:00+00:00,0.05304820982520314
wellington/2026-05-24,2026-05-23T23:30:00+00:00,recorded_legacy,exact:14,0.0,0.135,0,wellington/2026-05-24/2026-05-23T23:30:00+00:00,0.20902454517560975
wellington/2026-05-24,2026-05-23T23:30:00+00:00,recorded_legacy,exact:15,0.2457,0.735,1,wellington/2026-05-24/2026-05-23T23:30:00+00:00,0.20902454517560975
wellington/2026-05-24,2026-05-23T23:30:00+00:00,recorded_legacy,exact:16,0.643,0.14500000000000002,0,wellington/2026-05-24/2026-05-23T23:30:00+00:00,0.20902454517560975
wellington/2026-05-24,2026-05-23T23:30:00+00:00,recorded_legacy,exact:17,0.1099,0.019500000000000007,0,wellington/2026-05-24/2026-05-23T23:30:00+00:00,0.20902454517560975
wellington/2026-05-24,2026-05-24T00:00:00+00:00,recorded_legacy,exact:15,0.3821,0.41500000000000004,1,wellington/2026-05-24/2026-05-24T00:00:00+00:00,0.18483712392576823
wellington/2026-05-24,2026-05-24T00:00:00+00:00,recorded_legacy,exact:16,0.5545,0.5,0,wellington/2026-05-24/2026-05-24T00:00:00+00:00,0.18483712392576823
wellington/2026-05-24,2026-05-24T00:00:00+00:00,recorded_legacy,exact:17,0.0624,0.031000000000000007,0,wellington/2026-05-24/2026-05-24T00:00:00+00:00,0.18483712392576823
wellington/2026-05-24,2026-05-24T00:30:00+00:00,recorded_legacy,exact:15,0.5438000000000001,0.48,1,wellington/2026-05-24/2026-05-24T00:30:00+00:00,0.11467717420860701
wellington/2026-05-24,2026-05-24T00:30:00+00:00,recorded_legacy,exact:16,0.43360000000000004,0.445,0,wellington/2026-05-24/2026-05-24T00:30:00+00:00,0.11467717420860701
wellington/2026-05-24,2026-05-24T00:30:00+00:00,recorded_legacy,exact:17,0.022600000000000002,0.01750000000000001,0,wellington/2026-05-24/2026-05-24T00:30:00+00:00,0.11467717420860701
wellington/2026-05-25,2026-05-24T23:00:00+00:00,recorded_legacy,exact:13,0.0,0.0015000000000000005,0,wellington/2026-05-25/2026-05-24T23:00:00+00:00,0.06809665792981942
wellington/2026-05-25,2026-05-24T23:00:00+00:00,recorded_legacy,exact:14,0.099,0.345,0,wellington/2026-05-25/2026-05-24T23:00:00+00:00,0.06809665792981942
wellington/2026-05-25,2026-05-24T23:00:00+00:00,recorded_legacy,exact:15,0.6453,0.575,1,wellington/2026-05-25/2026-05-24T23:00:00+00:00,0.06809665792981942
wellington/2026-05-25,2026-05-24T23:00:00+00:00,recorded_legacy,exact:16,0.2468,0.11,0,wellington/2026-05-25/2026-05-24T23:00:00+00:00,0.06809665792981942
wellington/2026-05-25,2026-05-24T23:00:00+00:00,recorded_legacy,exact:17,0.0089,0.008000000000000002,0,wellington/2026-05-25/2026-05-24T23:00:00+00:00,0.06809665792981942
wellington/2026-05-25,2026-05-24T23:00:00+00:00,recorded_legacy,higher:18,0,0.004500000000000002,0,wellington/2026-05-25/2026-05-24T23:00:00+00:00,0.06809665792981942
wellington/2026-05-25,2026-05-24T23:30:00+00:00,recorded_legacy,exact:13,0.11120000000000001,0.0015000000000000005,0,wellington/2026-05-25/2026-05-24T23:30:00+00:00,0.051458210609205246
wellington/2026-05-25,2026-05-24T23:30:00+00:00,recorded_legacy,exact:14,0.6052000000000001,0.33,0,wellington/2026-05-25/2026-05-24T23:30:00+00:00,0.051458210609205246
wellington/2026-05-25,2026-05-24T23:30:00+00:00,recorded_legacy,exact:15,0.26630000000000004,0.585,1,wellington/2026-05-25/2026-05-24T23:30:00+00:00,0.051458210609205246
wellington/2026-05-25,2026-05-24T23:30:00+00:00,recorded_legacy,exact:16,0.017000000000000005,0.105,0,wellington/2026-05-25/2026-05-24T23:30:00+00:00,0.051458210609205246
wellington/2026-05-25,2026-05-24T23:30:00+00:00,recorded_legacy,exact:17,0.00030000000000000003,0.0075000000000000015,0,wellington/2026-05-25/2026-05-24T23:30:00+00:00,0.051458210609205246
wellington/2026-05-25,2026-05-24T23:30:00+00:00,recorded_legacy,higher:18,0,0.004500000000000002,0,wellington/2026-05-25/2026-05-24T23:30:00+00:00,0.051458210609205246
wellington/2026-05-25,2026-05-25T00:00:00+00:00,recorded_legacy,exact:14,0.3607,0.185,0,wellington/2026-05-25/2026-05-25T00:00:00+00:00,0.036232362130522264
wellington/2026-05-25,2026-05-25T00:00:00+00:00,recorded_legacy,exact:15,0.5696,0.625,1,wellington/2026-05-25/2026-05-25T00:00:00+00:00,0.036232362130522264
wellington/2026-05-25,2026-05-25T00:00:00+00:00,recorded_legacy,exact:16,0.0683,0.125,0,wellington/2026-05-25/2026-05-25T00:00:00+00:00,0.036232362130522264
wellington/2026-05-25,2026-05-25T00:00:00+00:00,recorded_legacy,exact:17,0.0014,0.015000000000000003,0,wellington/2026-05-25/2026-05-25T00:00:00+00:00,0.036232362130522264
wellington/2026-05-25,2026-05-25T00:00:00+00:00,recorded_legacy,higher:18,0,0.006000000000000002,0,wellington/2026-05-25/2026-05-25T00:00:00+00:00,0.036232362130522264
wellington/2026-05-27,2026-05-26T23:30:00+00:00,recorded_legacy,exact:13,0.0,0.015000000000000005,0,wellington/2026-05-27/2026-05-26T23:30:00+00:00,0.08290038113780451
wellington/2026-05-27,2026-05-26T23:30:00+00:00,recorded_legacy,exact:14,0.29750000000000004,0.325,0,wellington/2026-05-27/2026-05-26T23:30:00+00:00,0.08290038113780451
wellington/2026-05-27,2026-05-26T23:30:00+00:00,recorded_legacy,exact:15,0.6191000000000001,0.5700000000000001,1,wellington/2026-05-27/2026-05-26T23:30:00+00:00,0.08290038113780451
wellington/2026-05-27,2026-05-26T23:30:00+00:00,recorded_legacy,exact:16,0.08210000000000002,0.095,0,wellington/2026-05-27/2026-05-26T23:30:00+00:00,0.08290038113780451
wellington/2026-05-27,2026-05-26T23:30:00+00:00,recorded_legacy,exact:17,0.0013000000000000002,0.010500000000000002,0,wellington/2026-05-27/2026-05-26T23:30:00+00:00,0.08290038113780451
wellington/2026-05-27,2026-05-26T23:30:00+00:00,recorded_legacy,higher:18,0,0.004500000000000002,0,wellington/2026-05-27/2026-05-26T23:30:00+00:00,0.08290038113780451
wellington/2026-05-27,2026-05-27T00:00:00+00:00,recorded_legacy,exact:14,0.0,0.15500000000000003,0,wellington/2026-05-27/2026-05-27T00:00:00+00:00,0.37821322707945004
wellington/2026-05-27,2026-05-27T00:00:00+00:00,recorded_legacy,exact:15,0.917,0.735,1,wellington/2026-05-27/2026-05-27T00:00:00+00:00,0.37821322707945004
wellington/2026-05-27,2026-05-27T00:00:00+00:00,recorded_legacy,exact:16,0.0819,0.10500000000000001,0,wellington/2026-05-27/2026-05-27T00:00:00+00:00,0.37821322707945004
wellington/2026-05-27,2026-05-27T00:00:00+00:00,recorded_legacy,exact:17,0.0011,0.014500000000000004,0,wellington/2026-05-27/2026-05-27T00:00:00+00:00,0.37821322707945004
wellington/2026-05-27,2026-05-27T00:00:00+00:00,recorded_legacy,higher:18,0,0.004500000000000002,0,wellington/2026-05-27/2026-05-27T00:00:00+00:00,0.37821322707945004
wellington/2026-05-28,2026-05-27T23:00:00+00:00,recorded_legacy,exact:14,0.0,0.0065000000000000014,0,wellington/2026-05-28/2026-05-27T23:00:00+00:00,0.1893167156638579
wellington/2026-05-28,2026-05-27T23:00:00+00:00,recorded_legacy,exact:15,0.0,0.45999999999999996,0,wellington/2026-05-28/2026-05-27T23:00:00+00:00,0.1893167156638579
wellington/2026-05-28,2026-05-27T23:00:00+00:00,recorded_legacy,exact:16,0.7743,0.45,0,wellington/2026-05-28/2026-05-27T23:00:00+00:00,0.1893167156638579
wellington/2026-05-28,2026-05-27T23:00:00+00:00,recorded_legacy,exact:17,0.2204,0.055499999999999994,1,wellington/2026-05-28/2026-05-27T23:00:00+00:00,0.1893167156638579
wellington/2026-05-28,2026-05-27T23:00:00+00:00,recorded_legacy,exact:18,0.0053,0.005500000000000001,0,wellington/2026-05-28/2026-05-27T23:00:00+00:00,0.1893167156638579
wellington/2026-05-28,2026-05-27T23:00:00+00:00,recorded_legacy,higher:19,0,0.003500000000000001,0,wellington/2026-05-28/2026-05-27T23:00:00+00:00,0.1893167156638579
wellington/2026-05-29,2026-05-28T23:30:00+00:00,recorded_legacy,exact:13,0.0,0.066,0,wellington/2026-05-29/2026-05-28T23:30:00+00:00,0.22351516376570452
wellington/2026-05-29,2026-05-28T23:30:00+00:00,recorded_legacy,exact:14,0.6885,0.28500000000000003,0,wellington/2026-05-29/2026-05-28T23:30:00+00:00,0.22351516376570452
wellington/2026-05-29,2026-05-28T23:30:00+00:00,recorded_legacy,exact:15,0.3017,0.485,1,wellington/2026-05-29/2026-05-28T23:30:00+00:00,0.22351516376570452
wellington/2026-05-29,2026-05-28T23:30:00+00:00,recorded_legacy,exact:16,0.0098,0.195,0,wellington/2026-05-29/2026-05-28T23:30:00+00:00,0.22351516376570452
wellington/2026-05-29,2026-05-28T23:30:00+00:00,recorded_legacy,exact:17,0.0,0.010000000000000004,0,wellington/2026-05-29/2026-05-28T23:30:00+00:00,0.22351516376570452
wellington/2026-05-29,2026-05-28T23:30:00+00:00,recorded_legacy,exact:18,0.0,0.002500000000000001,0,wellington/2026-05-29/2026-05-28T23:30:00+00:00,0.22351516376570452
wellington/2026-05-29,2026-05-28T23:30:00+00:00,recorded_legacy,higher:19,0,0.0020000000000000005,0,wellington/2026-05-29/2026-05-28T23:30:00+00:00,0.22351516376570452
wellington/2026-05-29,2026-05-29T00:00:00+00:00,recorded_legacy,exact:13,0.0,0.010500000000000004,0,wellington/2026-05-29/2026-05-29T00:00:00+00:00,0.14593754007170076
wellington/2026-05-29,2026-05-29T00:00:00+00:00,recorded_legacy,exact:14,0.5094,0.335,0,wellington/2026-05-29/2026-05-29T00:00:00+00:00,0.14593754007170076
wellington/2026-05-29,2026-05-29T00:00:00+00:00,recorded_legacy,exact:15,0.4621,0.485,1,wellington/2026-05-29/2026-05-29T00:00:00+00:00,0.14593754007170076
wellington/2026-05-29,2026-05-29T00:00:00+00:00,recorded_legacy,exact:16,0.0283,0.16999999999999998,0,wellington/2026-05-29/2026-05-29T00:00:00+00:00,0.14593754007170076
wellington/2026-05-29,2026-05-29T00:00:00+00:00,recorded_legacy,exact:17,0.0002,0.010000000000000004,0,wellington/2026-05-29/2026-05-29T00:00:00+00:00,0.14593754007170076
wellington/2026-05-29,2026-05-29T00:00:00+00:00,recorded_legacy,exact:18,0.0,0.002500000000000001,0,wellington/2026-05-29/2026-05-29T00:00:00+00:00,0.14593754007170076
wellington/2026-05-29,2026-05-29T00:00:00+00:00,recorded_legacy,higher:19,0,0.0020000000000000005,0,wellington/2026-05-29/2026-05-29T00:00:00+00:00,0.14593754007170076
wellington/2026-06-03,2026-06-02T22:00:00+00:00,recorded_legacy,exact:15,0.4574,0.8049999999999999,1,wellington/2026-06-03/2026-06-02T22:00:00+00:00,0.16407693115485183
wellington/2026-06-03,2026-06-02T22:00:00+00:00,recorded_legacy,exact:16,0.4822,0.16500000000000004,0,wellington/2026-06-03/2026-06-02T22:00:00+00:00,0.16407693115485183
wellington/2026-06-03,2026-06-02T22:00:00+00:00,recorded_legacy,exact:17,0.0592,0.032500000000000015,0,wellington/2026-06-03/2026-06-02T22:00:00+00:00,0.16407693115485183
wellington/2026-06-03,2026-06-02T22:00:00+00:00,recorded_legacy,higher:18,0.0012,0.005500000000000002,0,wellington/2026-06-03/2026-06-02T22:00:00+00:00,0.16407693115485183
wellington/2026-06-07,2026-06-07T00:30:00+00:00,recorded_legacy,exact:13,0.0,0.07500000000000001,0,wellington/2026-06-07/2026-06-07T00:30:00+00:00,0.4487344194381041
wellington/2026-06-07,2026-06-07T00:30:00+00:00,recorded_legacy,exact:15,0.0536,0.38,0,wellington/2026-06-07/2026-06-07T00:30:00+00:00,0.4487344194381041
wellington/2026-06-07,2026-06-07T00:30:00+00:00,recorded_legacy,exact:16,0.0003,0.03949999999999998,0,wellington/2026-06-07/2026-06-07T00:30:00+00:00,0.4487344194381041
wellington/2026-06-07,2026-06-07T00:30:00+00:00,recorded_legacy,exact:17,0.0,0.0030000000000000005,0,wellington/2026-06-07/2026-06-07T00:30:00+00:00,0.4487344194381041
wellington/2026-06-09,2026-06-08T22:00:00+00:00,recorded_legacy,exact:13,0.399,0.64,1,wellington/2026-06-09/2026-06-08T22:00:00+00:00,0.09767642325019021
wellington/2026-06-09,2026-06-08T22:00:00+00:00,recorded_legacy,exact:14,0.5623,0.36,0,wellington/2026-06-09/2026-06-08T22:00:00+00:00,0.09767642325019021
wellington/2026-06-09,2026-06-08T22:00:00+00:00,recorded_legacy,exact:15,0.0386,0.015500000000000005,0,wellington/2026-06-09/2026-06-08T22:00:00+00:00,0.09767642325019021
wellington/2026-06-09,2026-06-08T22:00:00+00:00,recorded_legacy,exact:16,0.0001,0.0025000000000000005,0,wellington/2026-06-09/2026-06-08T22:00:00+00:00,0.09767642325019021
wellington/2026-06-09,2026-06-08T22:30:00+00:00,recorded_legacy,exact:13,0.6842,0.635,1,wellington/2026-06-09/2026-06-08T22:30:00+00:00,0.09433665619462939
wellington/2026-06-09,2026-06-08T22:30:00+00:00,recorded_legacy,exact:14,0.306,0.34,0,wellington/2026-06-09/2026-06-08T22:30:00+00:00,0.09433665619462939
wellington/2026-06-09,2026-06-08T22:30:00+00:00,recorded_legacy,exact:15,0.0098,0.009000000000000005,0,wellington/2026-06-09/2026-06-08T22:30:00+00:00,0.09433665619462939
wellington/2026-06-09,2026-06-08T22:30:00+00:00,recorded_legacy,exact:16,0.0,0.0030000000000000005,0,wellington/2026-06-09/2026-06-08T22:30:00+00:00,0.09433665619462939
wellington/2026-06-10,2026-06-10T00:30:00+00:00,recorded_legacy,exact:14,0.9442,0.9199999999999999,1,wellington/2026-06-10/2026-06-10T00:30:00+00:00,0.06947939240360446
wellington/2026-06-10,2026-06-10T00:30:00+00:00,recorded_legacy,exact:15,0.0553,0.08000000000000002,0,wellington/2026-06-10/2026-06-10T00:30:00+00:00,0.06947939240360446
wellington/2026-06-10,2026-06-10T00:30:00+00:00,recorded_legacy,exact:16,0.0005,0.007500000000000002,0,wellington/2026-06-10/2026-06-10T00:30:00+00:00,0.06947939240360446
wellington/2026-06-10,2026-06-10T00:30:00+00:00,recorded_legacy,exact:17,0.0,0.0015000000000000005,0,wellington/2026-06-10/2026-06-10T00:30:00+00:00,0.06947939240360446
wellington/2026-06-11,2026-06-10T22:30:00+00:00,recorded_legacy,exact:11,0.009,0.0045000000000000005,0,wellington/2026-06-11/2026-06-10T22:30:00+00:00,0.07745449675672511
wellington/2026-06-11,2026-06-10T22:30:00+00:00,recorded_legacy,exact:12,0.2393,0.019500000000000003,0,wellington/2026-06-11/2026-06-10T22:30:00+00:00,0.07745449675672511
wellington/2026-06-11,2026-06-10T22:30:00+00:00,recorded_legacy,exact:13,0.5534,0.29500000000000004,0,wellington/2026-06-11/2026-06-10T22:30:00+00:00,0.07745449675672511
wellington/2026-06-11,2026-06-10T22:30:00+00:00,recorded_legacy,exact:14,0.1876,0.5,1,wellington/2026-06-11/2026-06-10T22:30:00+00:00,0.07745449675672511
wellington/2026-06-11,2026-06-10T22:30:00+00:00,recorded_legacy,exact:15,0.0105,0.175,0,wellington/2026-06-11/2026-06-10T22:30:00+00:00,0.07745449675672511
wellington/2026-06-11,2026-06-10T22:30:00+00:00,recorded_legacy,exact:16,0.0002,0.006500000000000002,0,wellington/2026-06-11/2026-06-10T22:30:00+00:00,0.07745449675672511
wellington/2026-06-11,2026-06-10T23:30:00+00:00,recorded_legacy,exact:12,0.2099,0.026500000000000006,0,wellington/2026-06-11/2026-06-10T23:30:00+00:00,0.06673850314904309
wellington/2026-06-11,2026-06-10T23:30:00+00:00,recorded_legacy,exact:13,0.5822,0.265,0,wellington/2026-06-11/2026-06-10T23:30:00+00:00,0.06673850314904309
wellington/2026-06-11,2026-06-10T23:30:00+00:00,recorded_legacy,exact:14,0.1969,0.54,1,wellington/2026-06-11/2026-06-10T23:30:00+00:00,0.06673850314904309
wellington/2026-06-11,2026-06-10T23:30:00+00:00,recorded_legacy,exact:15,0.011,0.15500000000000003,0,wellington/2026-06-11/2026-06-10T23:30:00+00:00,0.06673850314904309
wellington/2026-06-11,2026-06-10T23:30:00+00:00,recorded_legacy,exact:16,0.0,0.004000000000000001,0,wellington/2026-06-11/2026-06-10T23:30:00+00:00,0.06673850314904309
wellington/2026-06-11,2026-06-11T00:00:00+00:00,recorded_legacy,exact:12,0.2391,0.018000000000000006,0,wellington/2026-06-11/2026-06-11T00:00:00+00:00,0.0714515665276072
wellington/2026-06-11,2026-06-11T00:00:00+00:00,recorded_legacy,exact:13,0.5775,0.41500000000000004,0,wellington/2026-06-11/2026-06-11T00:00:00+00:00,0.0714515665276072
wellington/2026-06-11,2026-06-11T00:00:00+00:00,recorded_legacy,exact:14,0.1749,0.42500000000000004,1,wellington/2026-06-11/2026-06-11T00:00:00+00:00,0.0714515665276072
wellington/2026-06-11,2026-06-11T00:00:00+00:00,recorded_legacy,exact:15,0.0084,0.125,0,wellington/2026-06-11/2026-06-11T00:00:00+00:00,0.0714515665276072
wellington/2026-06-11,2026-06-11T00:00:00+00:00,recorded_legacy,exact:16,0.0001,0.004500000000000001,0,wellington/2026-06-11/2026-06-11T00:00:00+00:00,0.0714515665276072
wellington/2026-06-12,2026-06-12T00:00:00+00:00,recorded_legacy,exact:13,0.4597,0.385,0,wellington/2026-06-12/2026-06-12T00:00:00+00:00,0.0454356003911619
wellington/2026-06-12,2026-06-12T00:00:00+00:00,recorded_legacy,exact:14,0.4835,0.56,1,wellington/2026-06-12/2026-06-12T00:00:00+00:00,0.0454356003911619
wellington/2026-06-12,2026-06-12T00:00:00+00:00,recorded_legacy,exact:15,0.0559,0.04500000000000001,0,wellington/2026-06-12/2026-06-12T00:00:00+00:00,0.0454356003911619
wellington/2026-06-12,2026-06-12T00:00:00+00:00,recorded_legacy,exact:17,0.0,0.0020000000000000005,0,wellington/2026-06-12/2026-06-12T00:00:00+00:00,0.0454356003911619
wellington/2026-06-12,2026-06-12T00:30:00+00:00,recorded_legacy,exact:13,0.4276,0.2,0,wellington/2026-06-12/2026-06-12T00:30:00+00:00,0.1551259296816918
wellington/2026-06-12,2026-06-12T00:30:00+00:00,recorded_legacy,exact:14,0.5151,0.745,1,wellington/2026-06-12/2026-06-12T00:30:00+00:00,0.1551259296816918
wellington/2026-06-12,2026-06-12T00:30:00+00:00,recorded_legacy,exact:15,0.0556,0.04500000000000001,0,wellington/2026-06-12/2026-06-12T00:30:00+00:00,0.1551259296816918
wellington/2026-06-12,2026-06-12T00:30:00+00:00,recorded_legacy,exact:16,0.0017,0.0045000000000000005,0,wellington/2026-06-12/2026-06-12T00:30:00+00:00,0.1551259296816918
wellington/2026-06-12,2026-06-12T00:30:00+00:00,recorded_legacy,exact:17,0.0,0.003000000000000001,0,wellington/2026-06-12/2026-06-12T00:30:00+00:00,0.1551259296816918
wellington/2026-06-12,2026-06-12T01:00:00+00:00,recorded_legacy,exact:13,0.0,0.2,0,wellington/2026-06-12/2026-06-12T01:00:00+00:00,0.59987428623093
wellington/2026-06-12,2026-06-12T01:00:00+00:00,recorded_legacy,exact:14,0.9036,0.71,1,wellington/2026-06-12/2026-06-12T01:00:00+00:00,0.59987428623093
wellington/2026-06-12,2026-06-12T01:00:00+00:00,recorded_legacy,exact:15,0.0946,0.062,0,wellington/2026-06-12/2026-06-12T01:00:00+00:00,0.59987428623093
wellington/2026-06-12,2026-06-12T01:00:00+00:00,recorded_legacy,exact:17,0.0001,0.0025000000000000005,0,wellington/2026-06-12/2026-06-12T01:00:00+00:00,0.59987428623093
wellington/2026-06-12,2026-06-12T01:30:00+00:00,recorded_legacy,exact:13,0.5713,0.175,0,wellington/2026-06-12/2026-06-12T01:30:00+00:00,0.06793181141353244
wellington/2026-06-12,2026-06-12T01:30:00+00:00,recorded_legacy,exact:14,0.4052,0.755,1,wellington/2026-06-12/2026-06-12T01:30:00+00:00,0.06793181141353244
wellington/2026-06-12,2026-06-12T01:30:00+00:00,recorded_legacy,exact:15,0.0234,0.0605,0,wellington/2026-06-12/2026-06-12T01:30:00+00:00,0.06793181141353244
wellington/2026-06-12,2026-06-12T01:30:00+00:00,recorded_legacy,exact:17,0.0,0.0025000000000000005,0,wellington/2026-06-12/2026-06-12T01:30:00+00:00,0.06793181141353244
wellington/2026-06-12,2026-06-12T02:00:00+00:00,recorded_legacy,exact:14,0.8608,0.91,1,wellington/2026-06-12/2026-06-12T02:00:00+00:00,0.012680247176956913
wellington/2026-06-12,2026-06-12T02:00:00+00:00,recorded_legacy,exact:15,0.1369,0.1035,0,wellington/2026-06-12/2026-06-12T02:00:00+00:00,0.012680247176956913
wellington/2026-06-12,2026-06-12T02:30:00+00:00,recorded_legacy,exact:14,0.9915,0.925,1,wellington/2026-06-12/2026-06-12T02:30:00+00:00,0.0036529636238105123
wellington/2026-06-12,2026-06-12T02:30:00+00:00,recorded_legacy,exact:15,0.0085,0.05250000000000002,0,wellington/2026-06-12/2026-06-12T02:30:00+00:00,0.0036529636238105123
wellington/2026-06-12,2026-06-12T03:00:00+00:00,recorded_legacy,exact:14,0.9974,0.94,1,wellington/2026-06-12/2026-06-12T03:00:00+00:00,0.00390065477619439
wellington/2026-06-12,2026-06-12T03:00:00+00:00,recorded_legacy,exact:15,0.0026,0.04500000000000001,0,wellington/2026-06-12/2026-06-12T03:00:00+00:00,0.00390065477619439
wellington/2026-06-12,2026-06-12T03:00:00+00:00,recorded_legacy,exact:16,0.0,0.0025000000000000005,0,wellington/2026-06-12/2026-06-12T03:00:00+00:00,0.00390065477619439
wellington/2026-06-12,2026-06-12T03:30:00+00:00,recorded_legacy,exact:14,0.9989,0.9944999999999999,1,wellington/2026-06-12/2026-06-12T03:30:00+00:00,9.654968478145509e-05
wellington/2026-06-12,2026-06-12T03:30:00+00:00,recorded_legacy,exact:15,0.0011,0.006000000000000001,0,wellington/2026-06-12/2026-06-12T03:30:00+00:00,9.654968478145509e-05
wellington/2026-06-14,2026-06-13T23:00:00+00:00,recorded_legacy,exact:16,0.0,0.07999999999999999,0,wellington/2026-06-14/2026-06-13T23:00:00+00:00,0.4162640576189997
wellington/2026-06-14,2026-06-13T23:00:00+00:00,recorded_legacy,exact:17,0.8703,0.645,1,wellington/2026-06-14/2026-06-13T23:00:00+00:00,0.4162640576189997
wellington/2026-06-14,2026-06-13T23:00:00+00:00,recorded_legacy,exact:18,0.1261,0.275,0,wellington/2026-06-14/2026-06-13T23:00:00+00:00,0.4162640576189997
wellington/2026-06-14,2026-06-13T23:00:00+00:00,recorded_legacy,exact:19,0.0036,0.008500000000000002,0,wellington/2026-06-14/2026-06-13T23:00:00+00:00,0.4162640576189997
wellington/2026-06-14,2026-06-13T23:00:00+00:00,recorded_legacy,exact:20,0.0,0.0020000000000000005,0,wellington/2026-06-14/2026-06-13T23:00:00+00:00,0.4162640576189997
wellington/2026-06-14,2026-06-13T23:30:00+00:00,recorded_legacy,exact:16,0.0,0.02500000000000001,0,wellington/2026-06-14/2026-06-13T23:30:00+00:00,0.3111134176311581
wellington/2026-06-14,2026-06-13T23:30:00+00:00,recorded_legacy,exact:17,0.8795,0.635,1,wellington/2026-06-14/2026-06-13T23:30:00+00:00,0.3111134176311581
wellington/2026-06-14,2026-06-13T23:30:00+00:00,recorded_legacy,exact:18,0.1189,0.325,0,wellington/2026-06-14/2026-06-13T23:30:00+00:00,0.3111134176311581
wellington/2026-06-14,2026-06-13T23:30:00+00:00,recorded_legacy,exact:19,0.0016,0.017000000000000005,0,wellington/2026-06-14/2026-06-13T23:30:00+00:00,0.3111134176311581
wellington/2026-06-14,2026-06-13T23:30:00+00:00,recorded_legacy,exact:20,0.0,0.0020000000000000005,0,wellington/2026-06-14/2026-06-13T23:30:00+00:00,0.3111134176311581
wellington/2026-06-14,2026-06-14T00:00:00+00:00,recorded_legacy,exact:17,0.8969,0.6000000000000001,1,wellington/2026-06-14/2026-06-14T00:00:00+00:00,0.04318086530737908
wellington/2026-06-14,2026-06-14T00:00:00+00:00,recorded_legacy,exact:18,0.1018,0.36,0,wellington/2026-06-14/2026-06-14T00:00:00+00:00,0.04318086530737908
wellington/2026-06-14,2026-06-14T00:00:00+00:00,recorded_legacy,exact:19,0.0012,0.016000000000000007,0,wellington/2026-06-14/2026-06-14T00:00:00+00:00,0.04318086530737908
wellington/2026-06-14,2026-06-14T00:30:00+00:00,recorded_legacy,exact:17,0.9207,0.725,1,wellington/2026-06-14/2026-06-14T00:30:00+00:00,0.05485672921469842
wellington/2026-06-14,2026-06-14T00:30:00+00:00,recorded_legacy,exact:18,0.0787,0.27,0,wellington/2026-06-14/2026-06-14T00:30:00+00:00,0.05485672921469842
wellington/2026-06-14,2026-06-14T00:30:00+00:00,recorded_legacy,exact:19,0.0006,0.010500000000000002,0,wellington/2026-06-14/2026-06-14T00:30:00+00:00,0.05485672921469842
wellington/2026-06-14,2026-06-14T00:30:00+00:00,recorded_legacy,exact:20,0.0,0.0025000000000000005,0,wellington/2026-06-14/2026-06-14T00:30:00+00:00,0.05485672921469842
wellington/2026-06-14,2026-06-14T01:00:00+00:00,recorded_legacy,exact:17,0.8801,0.71,1,wellington/2026-06-14/2026-06-14T01:00:00+00:00,0.03798245662726152
wellington/2026-06-14,2026-06-14T01:00:00+00:00,recorded_legacy,exact:18,0.1178,0.27999999999999997,0,wellington/2026-06-14/2026-06-14T01:00:00+00:00,0.03798245662726152
wellington/2026-06-14,2026-06-14T01:00:00+00:00,recorded_legacy,exact:19,0.0021,0.0055000000000000005,0,wellington/2026-06-14/2026-06-14T01:00:00+00:00,0.03798245662726152
wellington/2026-06-17,2026-06-17T00:00:00+00:00,recorded_legacy,exact:15,0.0,0.515,0,wellington/2026-06-17/2026-06-17T00:00:00+00:00,0.5728332382056132
wellington/2026-06-17,2026-06-17T00:00:00+00:00,recorded_legacy,exact:17,0.0087,0.027000000000000007,0,wellington/2026-06-17/2026-06-17T00:00:00+00:00,0.5728332382056132
wellington/2026-06-17,2026-06-17T00:30:00+00:00,recorded_legacy,exact:17,0.0,0.040000000000000015,0,wellington/2026-06-17/2026-06-17T00:30:00+00:00,0.826169057425349
wellington/2026-06-24,2026-06-24T01:30:00+00:00,recorded_legacy,exact:15,0.0,0.05049999999999999,0,wellington/2026-06-24/2026-06-24T01:30:00+00:00,0.22255360312881967
wellington/2026-06-24,2026-06-24T01:30:00+00:00,recorded_legacy,exact:16,0.8903,0.61,1,wellington/2026-06-24/2026-06-24T01:30:00+00:00,0.22255360312881967
wellington/2026-06-24,2026-06-24T01:30:00+00:00,recorded_legacy,exact:17,0.1088,0.275,0,wellington/2026-06-24/2026-06-24T01:30:00+00:00,0.22255360312881967
wellington/2026-06-24,2026-06-24T01:30:00+00:00,recorded_legacy,exact:18,0.0009,0.04000000000000002,0,wellington/2026-06-24/2026-06-24T01:30:00+00:00,0.22255360312881967
wellington/2026-06-24,2026-06-24T01:30:00+00:00,recorded_legacy,exact:19,0.0,0.006000000000000001,0,wellington/2026-06-24/2026-06-24T01:30:00+00:00,0.22255360312881967
wellington/2026-06-24,2026-06-24T02:00:00+00:00,recorded_legacy,exact:16,0.0,0.345,1,wellington/2026-06-24/2026-06-24T02:00:00+00:00,0.4447510497907077
wellington/2026-06-24,2026-06-24T02:00:00+00:00,recorded_legacy,exact:17,0.9996,0.6699999999999999,0,wellington/2026-06-24/2026-06-24T02:00:00+00:00,0.4447510497907077
wellington/2026-06-24,2026-06-24T02:00:00+00:00,recorded_legacy,exact:18,0.0004,0.08650000000000002,0,wellington/2026-06-24/2026-06-24T02:00:00+00:00,0.4447510497907077
wellington/2026-06-24,2026-06-24T02:00:00+00:00,recorded_legacy,exact:19,0.0,0.010000000000000002,0,wellington/2026-06-24/2026-06-24T02:00:00+00:00,0.4447510497907077
wellington/2026-08-06,2026-08-06T02:00:00+00:00,recorded_legacy,exact:10,0.6753,0.6799999999999999,1,wellington/2026-08-06/2026-08-06T02:00:00+00:00,0.09529248908744714
wellington/2026-08-06,2026-08-06T02:00:00+00:00,recorded_legacy,exact:11,0.312,0.305,0,wellington/2026-08-06/2026-08-06T02:00:00+00:00,0.09529248908744714
wellington/2026-08-06,2026-08-06T02:00:00+00:00,recorded_legacy,exact:12,0.0125,0.016000000000000004,0,wellington/2026-08-06/2026-08-06T02:00:00+00:00,0.09529248908744714
wellington/2026-08-06,2026-08-06T02:30:00+00:00,recorded_legacy,exact:11,0.2237,0.25,0,wellington/2026-08-06/2026-08-06T02:30:00+00:00,0.08359089518966067
wellington/2026-08-06,2026-08-06T02:30:00+00:00,recorded_legacy,exact:12,0.0031,0.015500000000000003,0,wellington/2026-08-06/2026-08-06T02:30:00+00:00,0.08359089518966067
wellington/2026-08-06,2026-08-06T03:00:00+00:00,recorded_legacy,exact:10,0.9600000000000001,0.915,1,wellington/2026-08-06/2026-08-06T03:00:00+00:00,0.01526845838045987
wellington/2026-08-06,2026-08-06T03:00:00+00:00,recorded_legacy,exact:11,0.039700000000000006,0.06,0,wellington/2026-08-06/2026-08-06T03:00:00+00:00,0.01526845838045987
wellington/2026-08-06,2026-08-06T03:00:00+00:00,recorded_legacy,exact:12,0.00030000000000000003,0.01,0,wellington/2026-08-06/2026-08-06T03:00:00+00:00,0.01526845838045987
wellington/2026-08-06,2026-08-06T03:30:00+00:00,recorded_legacy,exact:10,0.6433,0.9,1,wellington/2026-08-06/2026-08-06T03:30:00+00:00,0.20515151052419334
wellington/2026-08-06,2026-08-06T03:30:00+00:00,recorded_legacy,exact:11,0.3485,0.08499999999999999,0,wellington/2026-08-06/2026-08-06T03:30:00+00:00,0.20515151052419334
wellington/2026-08-06,2026-08-06T03:30:00+00:00,recorded_legacy,exact:12,0.0082,0.005,0,wellington/2026-08-06/2026-08-06T03:30:00+00:00,0.20515151052419334
wellington/2026-08-06,2026-08-06T04:00:00+00:00,recorded_legacy,exact:11,0.9695,0.7849999999999999,0,wellington/2026-08-06/2026-08-06T04:00:00+00:00,0.6222998272141997
wellington/2026-08-06,2026-08-06T04:00:00+00:00,recorded_legacy,exact:12,0.0304,0.005,0,wellington/2026-08-06/2026-08-06T04:00:00+00:00,0.6222998272141997
wellington/2026-08-06,2026-08-06T04:30:00+00:00,recorded_legacy,exact:10,1.0,0.989,1,wellington/2026-08-06/2026-08-06T04:30:00+00:00,0.16680509408956912
wellington/2026-08-06,2026-08-06T04:30:00+00:00,recorded_legacy,exact:11,0.0,0.006000000000000001,0,wellington/2026-08-06/2026-08-06T04:30:00+00:00,0.16680509408956912
wellington/2026-08-06,2026-08-06T05:00:00+00:00,recorded_legacy,exact:10,0.999,0.9924999999999999,1,wellington/2026-08-06/2026-08-06T05:00:00+00:00,0.2314970260002014
wellington/2026-08-06,2026-08-06T05:00:00+00:00,recorded_legacy,exact:11,0.001,0.007000000000000002,0,wellington/2026-08-06/2026-08-06T05:00:00+00:00,0.2314970260002014
wellington/2026-08-06,2026-08-06T05:30:00+00:00,recorded_legacy,exact:10,0.9998,0.9944999999999999,1,wellington/2026-08-06/2026-08-06T05:30:00+00:00,0.18182213156999727
wellington/2026-08-06,2026-08-06T05:30:00+00:00,recorded_legacy,exact:11,0.0002,0.005000000000000001,0,wellington/2026-08-06/2026-08-06T05:30:00+00:00,0.18182213156999727
wellington/2026-08-06,2026-08-06T06:00:00+00:00,recorded_legacy,exact:10,1.0,0.9964999999999999,1,wellington/2026-08-06/2026-08-06T06:00:00+00:00,0.0018893712756288261
wellington/2026-08-06,2026-08-06T06:00:00+00:00,recorded_legacy,exact:11,0.0,0.0045000000000000005,0,wellington/2026-08-06/2026-08-06T06:00:00+00:00,0.0018893712756288261
wellington/2026-08-06,2026-08-06T06:30:00+00:00,recorded_legacy,exact:10,1.0,0.997,1,wellington/2026-08-06/2026-08-06T06:30:00+00:00,0.004003334362833955
wellington/2026-08-06,2026-08-06T06:30:00+00:00,recorded_legacy,exact:11,0.0,0.0030000000000000005,0,wellington/2026-08-06/2026-08-06T06:30:00+00:00,0.004003334362833955
wellington/2026-08-11,2026-08-10T22:00:00+00:00,recorded_legacy,exact:11,0.033600000000000005,0.05449999999999999,0,wellington/2026-08-11/2026-08-10T22:00:00+00:00,0.01999878577653119
wellington/2026-08-11,2026-08-10T22:00:00+00:00,recorded_legacy,exact:12,0.38150000000000006,0.665,1,wellington/2026-08-11/2026-08-10T22:00:00+00:00,0.01999878577653119
wellington/2026-08-11,2026-08-10T22:00:00+00:00,recorded_legacy,exact:14,0.09710000000000002,0.040000000000000015,0,wellington/2026-08-11/2026-08-10T22:00:00+00:00,0.01999878577653119
wellington/2026-08-11,2026-08-10T22:30:00+00:00,recorded_legacy,exact:11,0.0357,0.048500000000000015,0,wellington/2026-08-11/2026-08-10T22:30:00+00:00,0.03547904479049624
wellington/2026-08-11,2026-08-10T22:30:00+00:00,recorded_legacy,exact:12,0.394,0.54,1,wellington/2026-08-11/2026-08-10T22:30:00+00:00,0.03547904479049624
wellington/2026-08-11,2026-08-10T22:30:00+00:00,recorded_legacy,exact:13,0.4866,0.365,0,wellington/2026-08-11/2026-08-10T22:30:00+00:00,0.03547904479049624
wellington/2026-08-11,2026-08-10T22:30:00+00:00,recorded_legacy,exact:14,0.0813,0.03500000000000001,0,wellington/2026-08-11/2026-08-10T22:30:00+00:00,0.03547904479049624
wellington/2026-08-11,2026-08-10T23:00:00+00:00,recorded_legacy,exact:11,0.0238,0.016000000000000004,0,wellington/2026-08-11/2026-08-10T23:00:00+00:00,0.04926864052354407
wellington/2026-08-11,2026-08-10T23:00:00+00:00,recorded_legacy,exact:12,0.3499,0.565,1,wellington/2026-08-11/2026-08-10T23:00:00+00:00,0.04926864052354407
wellington/2026-08-11,2026-08-10T23:00:00+00:00,recorded_legacy,exact:13,0.5149,0.37,0,wellington/2026-08-11/2026-08-10T23:00:00+00:00,0.04926864052354407
wellington/2026-08-11,2026-08-10T23:00:00+00:00,recorded_legacy,exact:14,0.1071,0.015000000000000005,0,wellington/2026-08-11/2026-08-10T23:00:00+00:00,0.04926864052354407
